{"stats":{"minecraft:picked_up":{"minecraft:iron_chestplate":2,"minecraft:wheat":1,"minecraft:diamond_sword":3,"minecraft:oak_stairs":69,"minecraft:enchanted_book":1,"minecraft:brewing_stand":1,"minecraft:golden_sword":1,"minecraft:string":16023,"minecraft:raw_copper":17,"minecraft:soul_soil":1,"minecraft:cooked_salmon":4,"minecraft:iron_leggings":4,"minecraft:sticky_piston":1,"minecraft:oak_sign":12,"minecraft:gold_nugget":10,"minecraft:cobbled_deepslate":310,"minecraft:bucket":17,"minecraft:spruce_planks":1,"minecraft:redstone_torch":2,"minecraft:iron_pickaxe":1,"minecraft:iron_boots":2,"minecraft:furnace":1,"minecraft:golden_helmet":2,"minecraft:stick":21,"minecraft:composter":42,"minecraft:oak_fence":36,"minecraft:torch":129,"minecraft:spruce_stairs":3,"minecraft:porkchop":8,"minecraft:cherry_log":3,"minecraft:pointed_dripstone":16,"minecraft:rotten_flesh":21,"minecraft:white_terracotta":47,"minecraft:obsidian":48,"minecraft:cobblestone":853,"minecraft:birch_log":26,"minecraft:feather":1,"minecraft:andesite":19,"minecraft:water_bucket":14,"minecraft:jungle_log":10,"minecraft:potato":12,"minecraft:flint":1,"minecraft:tuff":38,"minecraft:dirt":1441,"minecraft:bone":9,"minecraft:bow":1,"minecraft:stonecutter":2,"minecraft:wheat_seeds":81,"minecraft:raw_gold":8,"minecraft:bell":3,"minecraft:powered_rail":5,"minecraft:oak_planks":204,"minecraft:jungle_planks":4,"minecraft:sand":78,"minecraft:barrel":19,"minecraft:mossy_cobblestone":7,"minecraft:iron_hoe":1,"minecraft:dispenser":1,"minecraft:diamond":55,"minecraft:granite":15,"minecraft:bread":133,"minecraft:emerald":216,"minecraft:oak_sapling":15,"minecraft:netherrack":120,"minecraft:diamond_pickaxe":6,"minecraft:fishing_rod":5,"minecraft:crafting_table":6,"minecraft:clay_ball":44,"minecraft:cornflower":2,"minecraft:oak_trapdoor":18,"minecraft:iron_axe":1,"minecraft:iron_shovel":4,"minecraft:glass_pane":118,"minecraft:beef":30,"minecraft:oak_boat":17,"minecraft:poppy":8,"minecraft:lectern":67,"minecraft:minecart":15,"minecraft:chest":8,"minecraft:sugar_cane":20,"minecraft:birch_sapling":1,"minecraft:egg":5,"minecraft:raw_iron":2,"minecraft:sandstone":3,"minecraft:oak_door":1,"minecraft:carrot":182,"minecraft:redstone":135,"minecraft:arrow":18,"minecraft:diamond_chestplate":3,"minecraft:hay_block":21,"minecraft:gold_ingot":17,"minecraft:white_wool":234,"minecraft:rail":83,"minecraft:oxeye_daisy":5,"minecraft:jungle_boat":5,"minecraft:basalt":3,"minecraft:leather":13,"minecraft:birch_planks":1,"minecraft:oak_log":252,"minecraft:lily_pad":5,"minecraft:yellow_bed":4,"minecraft:gunpowder":6,"minecraft:cobblestone_stairs":1,"minecraft:apple":11,"minecraft:kelp":13,"minecraft:iron_ingot":68,"minecraft:cooked_chicken":1,"minecraft:soul_sand":7,"minecraft:iron_sword":1,"minecraft:book":15,"minecraft:oak_slab":3,"minecraft:pumpkin":12,"minecraft:chiseled_stone_bricks":16,"minecraft:red_wool":77,"minecraft:dandelion":19,"minecraft:dripstone_block":18,"minecraft:gravel":5,"minecraft:white_bed":5,"minecraft:spider_eye":3,"minecraft:leather_helmet":2,"minecraft:diamond_shovel":4,"minecraft:slime_ball":1,"minecraft:iron_helmet":3,"minecraft:diamond_axe":4,"minecraft:oak_button":3,"minecraft:terracotta":2,"minecraft:coal":48,"minecraft:hopper":2,"minecraft:ender_pearl":2},"minecraft:broken":{"minecraft:iron_shovel":2,"minecraft:wooden_shovel":2,"minecraft:iron_pickaxe":1},"minecraft:used":{"minecraft:iron_shovel":836,"minecraft:dispenser":2,"minecraft:ladder":2,"minecraft:oak_sign":13,"minecraft:chest":17,"minecraft:iron_sword":105,"minecraft:bell":2,"minecraft:rotten_flesh":4,"minecraft:jungle_planks":1,"minecraft:carrot":157,"minecraft:obsidian":15,"minecraft:glass":10,"minecraft:lava_bucket":12,"minecraft:red_wool":9,"minecraft:lantern":2,"minecraft:bow":9,"minecraft:furnace":3,"minecraft:oak_sapling":4,"minecraft:egg":1,"minecraft:potato":20,"minecraft:leather_leggings":1,"minecraft:powered_rail":11,"minecraft:oak_planks":64,"minecraft:ender_pearl":1,"minecraft:sandstone":2,"minecraft:composter":42,"minecraft:diamond_axe":534,"minecraft:jungle_boat":5,"minecraft:sand":11,"minecraft:shears":1,"minecraft:redstone_torch":8,"minecraft:sticky_piston":7,"minecraft:lever":7,"minecraft:bread":53,"minecraft:string":4,"minecraft:lectern":71,"minecraft:polished_granite":2,"minecraft:deepslate":1,"minecraft:gravel":4,"minecraft:diamond_sword":191,"minecraft:oak_boat":17,"minecraft:oak_fence":48,"minecraft:bone_meal":15,"minecraft:experience_bottle":1,"minecraft:oak_trapdoor":43,"minecraft:flint_and_steel":4,"minecraft:redstone":6,"minecraft:wooden_shovel":142,"minecraft:cooked_salmon":10,"minecraft:cooked_chicken":1,"minecraft:netherrack":44,"minecraft:torch":87,"minecraft:dirt":780,"minecraft:anvil":1,"minecraft:hopper":3,"minecraft:spruce_stairs":1,"minecraft:iron_hoe":139,"minecraft:bookshelf":5,"minecraft:iron_axe":179,"minecraft:oak_stairs":2,"minecraft:barrel":25,"minecraft:diamond_chestplate":2,"minecraft:tripwire_hook":2,"minecraft:beef":17,"minecraft:minecart":7,"minecraft:cobbled_deepslate":30,"minecraft:pointed_dripstone":3,"minecraft:iron_leggings":1,"minecraft:water_bucket":400,"minecraft:cobblestone_slab":56,"minecraft:rail":70,"minecraft:oak_slab":3,"minecraft:crafting_table":17,"minecraft:white_bed":5,"minecraft:wooden_hoe":2,"minecraft:apple":6,"minecraft:diamond_pickaxe":1259,"minecraft:diamond_shovel":1261,"minecraft:oak_button":10,"minecraft:iron_pickaxe":473,"minecraft:chiseled_stone_bricks":60,"minecraft:cobblestone":216,"minecraft:porkchop":2,"minecraft:bucket":418,"minecraft:glass_pane":121,"minecraft:yellow_bed":4},"minecraft:dropped":{"minecraft:iron_sword":1,"minecraft:diamond_axe":1,"minecraft:birch_planks":1,"minecraft:diamond":14,"minecraft:leather":5,"minecraft:rail":62,"minecraft:dirt":11,"minecraft:cornflower":1,"minecraft:fishing_rod":2,"minecraft:obsidian":6,"minecraft:rotten_flesh":9,"minecraft:diamond_shovel":1,"minecraft:carrot":1,"minecraft:poppy":8,"minecraft:powered_rail":1,"minecraft:lectern":1,"minecraft:enchanted_book":2,"minecraft:egg":1,"minecraft:iron_ingot":111,"minecraft:bread":2,"minecraft:oak_slab":7,"minecraft:wheat_seeds":62,"minecraft:oak_fence":1,"minecraft:cobblestone":84,"minecraft:granite":12,"minecraft:stick":4,"minecraft:oxeye_daisy":3,"minecraft:wooden_hoe":1,"minecraft:oak_stairs":1,"minecraft:stonecutter":1,"minecraft:iron_shovel":1,"minecraft:paper":1,"minecraft:string":458,"minecraft:dandelion":14,"minecraft:soul_soil":1,"minecraft:raw_copper":5,"minecraft:clay_ball":8,"minecraft:oak_sign":7,"minecraft:flint_and_steel":1,"minecraft:filled_map":4,"minecraft:diamond_pickaxe":4,"minecraft:andesite":5,"minecraft:oak_boat":1,"minecraft:sandstone":1,"minecraft:wooden_pickaxe":1},"minecraft:killed_by":{"minecraft:zombified_piglin":1,"minecraft:creeper":1,"minecraft:player":2,"minecraft:iron_golem":3},"minecraft:crafted":{"minecraft:brick":158,"minecraft:oak_planks":752,"minecraft:barrel":8,"minecraft:cobblestone_slab":60,"minecraft:oak_sign":18,"minecraft:diamond_shovel":1,"minecraft:lever":9,"minecraft:bookshelf":15,"minecraft:glass":100,"minecraft:hopper":1,"minecraft:bow":2,"minecraft:iron_boots":1,"minecraft:chest":10,"minecraft:oak_button":7,"minecraft:chiseled_stone_bricks":64,"minecraft:rail":32,"minecraft:oak_fence":48,"minecraft:golden_boots":1,"minecraft:oak_slab":84,"minecraft:deepslate":79,"minecraft:wooden_shovel":2,"minecraft:emerald":602,"minecraft:diamond_axe":2,"minecraft:crafting_table":11,"minecraft:jungle_boat":1,"minecraft:wooden_pickaxe":1,"minecraft:iron_helmet":1,"minecraft:red_wool":86,"minecraft:sticky_piston":6,"minecraft:birch_planks":24,"minecraft:dispenser":1,"minecraft:lectern":8,"minecraft:wooden_hoe":2,"minecraft:iron_chestplate":1,"minecraft:book":4,"minecraft:diamond_pickaxe":2,"minecraft:stick":256,"minecraft:iron_ingot":1,"minecraft:iron_pickaxe":8,"minecraft:iron_block":3,"minecraft:gold_ingot":8,"minecraft:redstone_torch":6,"minecraft:composter":2,"minecraft:shears":1,"minecraft:cherry_planks":12,"minecraft:fishing_rod":4,"minecraft:tripwire_hook":2,"minecraft:furnace":2,"minecraft:piston":30,"minecraft:bone_meal":15,"minecraft:oak_trapdoor":66,"minecraft:glass_pane":192,"minecraft:flint_and_steel":1,"minecraft:lantern":12,"minecraft:iron_axe":1,"minecraft:ladder":6,"minecraft:iron_hoe":1,"minecraft:slime_ball":5,"minecraft:minecart":1,"minecraft:wheat":189,"minecraft:red_dye":86,"minecraft:diamond_sword":1,"minecraft:powered_rail":6,"minecraft:iron_sword":1,"minecraft:polished_granite":64,"minecraft:bucket":30,"minecraft:enchanted_book":14,"minecraft:jungle_slab":6,"minecraft:bread":63,"minecraft:air":0,"minecraft:jungle_planks":40,"minecraft:blue_dye":1,"minecraft:oak_boat":2,"minecraft:white_wool":256,"minecraft:oak_stairs":4,"minecraft:iron_shovel":4,"minecraft:iron_leggings":1,"minecraft:anvil":1,"minecraft:torch":140,"minecraft:diamond_chestplate":1},"minecraft:custom":{"minecraft:interact_with_crafting_table":139,"minecraft:open_barrel":11,"minecraft:bell_ring":25,"minecraft:leave_game":1,"minecraft:time_since_death":90419,"minecraft:sprint_one_cm":769998,"minecraft:drop":122,"minecraft:talked_to_villager":299,"minecraft:play_time":463698,"minecraft:deaths":8,"minecraft:jump":10818,"minecraft:walk_on_water_one_cm":135352,"minecraft:interact_with_furnace":27,"minecraft:traded_with_villager":714,"minecraft:sleep_in_bed":26,"minecraft:damage_dealt":14381,"minecraft:crouch_one_cm":43717,"minecraft:inspect_dispenser":7,"minecraft:interact_with_smithing_table":1,"minecraft:mob_kills":72,"minecraft:interact_with_anvil":16,"minecraft:inspect_hopper":3,"minecraft:climb_one_cm":2060,"minecraft:walk_one_cm":1392151,"minecraft:sneak_time":13683,"minecraft:walk_under_water_one_cm":30903,"minecraft:boat_one_cm":850518,"minecraft:total_world_time":463698,"minecraft:time_since_rest":49933,"minecraft:damage_taken":5234,"minecraft:minecart_one_cm":121,"minecraft:swim_one_cm":81568,"minecraft:fly_one_cm":2381089,"minecraft:open_chest":370,"minecraft:fall_one_cm":216320},"minecraft:mined":{"minecraft:spruce_planks":2,"minecraft:white_bed":5,"minecraft:farmland":3,"minecraft:cobblestone_stairs":1,"minecraft:cherry_log":3,"minecraft:brewing_stand":1,"minecraft:obsidian":27,"minecraft:granite":15,"minecraft:grass_block":680,"minecraft:jungle_log":10,"minecraft:soul_soil":1,"minecraft:composter":41,"minecraft:hopper":2,"minecraft:oak_wall_sign":2,"minecraft:oxeye_daisy":4,"minecraft:chiseled_stone_bricks":14,"minecraft:tall_seagrass":4,"minecraft:sticky_piston":1,"minecraft:cobbled_deepslate":2,"minecraft:iron_ore":2,"minecraft:fire":2,"minecraft:barrel":19,"minecraft:pumpkin":12,"minecraft:pointed_dripstone":5,"minecraft:dirt_path":26,"minecraft:oak_stairs":69,"minecraft:tripwire":3,"minecraft:deepslate_redstone_ore":23,"minecraft:clay":11,"minecraft:torch":1,"minecraft:jungle_stairs":1,"minecraft:chest":8,"minecraft:cobblestone":73,"minecraft:sugar_cane":8,"minecraft:oak_planks":50,"minecraft:wall_torch":6,"minecraft:seagrass":1,"minecraft:white_terracotta":47,"minecraft:powered_rail":3,"minecraft:birch_log":25,"minecraft:wheat":3,"minecraft:grass":323,"minecraft:oak_log":256,"minecraft:sand":84,"minecraft:dirt":812,"minecraft:dispenser":1,"minecraft:stonecutter":1,"minecraft:netherrack":123,"minecraft:oak_leaves":46,"minecraft:deepslate":315,"minecraft:suspicious_gravel":1,"minecraft:nether_gold_ore":2,"minecraft:diamond_ore":4,"minecraft:tuff":40,"minecraft:mossy_cobblestone":7,"minecraft:deepslate_diamond_ore":36,"minecraft:oak_door":1,"minecraft:jungle_planks":5,"minecraft:sandstone":4,"minecraft:hay_block":21,"minecraft:oak_trapdoor":20,"minecraft:furnace":1,"minecraft:carrots":58,"minecraft:andesite":19,"minecraft:bell":3,"minecraft:bookshelf":5,"minecraft:vine":1,"minecraft:rail":44,"minecraft:stone":807,"minecraft:redstone_wall_torch":2,"minecraft:oak_slab":1,"minecraft:glass_pane":18,"minecraft:soul_sand":12,"minecraft:basalt":3,"minecraft:dandelion":13,"minecraft:oak_fence":38,"minecraft:crafting_table":6,"minecraft:cornflower":3,"minecraft:lectern":66,"minecraft:tall_grass":53,"minecraft:copper_ore":18,"minecraft:deepslate_gold_ore":8,"minecraft:spruce_stairs":3,"minecraft:birch_planks":1,"minecraft:yellow_bed":4,"minecraft:coal_ore":46,"minecraft:gravel":6,"minecraft:dripstone_block":9,"minecraft:cobweb":1,"minecraft:terracotta":2,"minecraft:oak_button":3},"minecraft:killed":{"minecraft:cave_spider":1,"minecraft:spider":11,"minecraft:skeleton":5,"minecraft:chicken":1,"minecraft:pig":3,"minecraft:salmon":4,"minecraft:iron_golem":5,"minecraft:creeper":2,"minecraft:pillager":1,"minecraft:zombie":17,"minecraft:cow":10,"minecraft:villager":5}},"DataVersion":3465}