{"stats":{"minecraft:picked_up":{"minecraft:birch_log":10,"minecraft:crafting_table":3,"minecraft:chicken":2,"minecraft:clay_ball":32,"minecraft:leather":5,"minecraft:brown_mushroom":1,"minecraft:birch_planks":2,"minecraft:oak_log":14,"minecraft:dirt":16,"minecraft:wheat_seeds":3,"minecraft:beef":2,"minecraft:oak_boat":3,"minecraft:bamboo":158,"minecraft:melon_slice":55,"minecraft:sugar_cane":3,"minecraft:stick":2,"minecraft:pumpkin":3,"minecraft:rotten_flesh":2,"minecraft:gray_wool":1,"minecraft:oak_sapling":1,"minecraft:mutton":7,"minecraft:coal":2,"minecraft:white_wool":5,"minecraft:cobblestone":30},"minecraft:used":{"minecraft:wheat_seeds":1,"minecraft:stone_sword":40,"minecraft:birch_planks":8,"minecraft:stone_shovel":10,"minecraft:stone_pickaxe":20,"minecraft:wooden_pickaxe":21,"minecraft:rotten_flesh":2,"minecraft:dirt":7,"minecraft:mutton":7,"minecraft:crafting_table":3,"minecraft:bread":2,"minecraft:melon_slice":14,"minecraft:stone_axe":71,"minecraft:beef":2,"minecraft:oak_boat":3},"minecraft:dropped":{"minecraft:wheat_seeds":1,"minecraft:wooden_pickaxe":1},"minecraft:killed_by":{"minecraft:skeleton":1},"minecraft:crafted":{"minecraft:oak_planks":20,"minecraft:stone_shovel":2,"minecraft:crafting_table":2,"minecraft:wooden_pickaxe":2,"minecraft:birch_planks":40,"minecraft:stone_axe":2,"minecraft:oak_boat":1,"minecraft:stick":24,"minecraft:stone_pickaxe":2,"minecraft:stone_sword":2},"minecraft:custom":{"minecraft:mob_kills":13,"minecraft:interact_with_crafting_table":8,"minecraft:time_since_death":13737,"minecraft:time_since_rest":13766,"minecraft:sprint_one_cm":51977,"minecraft:damage_taken":760,"minecraft:walk_one_cm":81574,"minecraft:drop":2,"minecraft:damage_dealt":1384,"minecraft:swim_one_cm":35873,"minecraft:talked_to_villager":7,"minecraft:fly_one_cm":145911,"minecraft:open_chest":5,"minecraft:crouch_one_cm":2316,"minecraft:play_time":24850,"minecraft:deaths":1,"minecraft:sneak_time":831,"minecraft:walk_under_water_one_cm":9900,"minecraft:boat_one_cm":43066,"minecraft:jump":584,"minecraft:interact_with_blast_furnace":1,"minecraft:walk_on_water_one_cm":12108,"minecraft:total_world_time":24850,"minecraft:fall_one_cm":15494},"minecraft:mined":{"minecraft:clay":8,"minecraft:crafting_table":3,"minecraft:grass_block":7,"minecraft:melon":11,"minecraft:mushroom_stem":4,"minecraft:brown_mushroom_block":10,"minecraft:sugar_cane":3,"minecraft:birch_planks":2,"minecraft:birch_log":10,"minecraft:fire":4,"minecraft:wheat":1,"minecraft:birch_leaves":1,"minecraft:pumpkin":3,"minecraft:grass":7,"minecraft:oak_log":14,"minecraft:coal_ore":2,"minecraft:dirt":9,"minecraft:bamboo":21,"minecraft:stone":31,"minecraft:oak_leaves":5,"minecraft:fern":2},"minecraft:killed":{"minecraft:sheep":6,"minecraft:horse":2,"minecraft:zombie":1,"minecraft:chicken":2,"minecraft:cow":2}},"DataVersion":3465}