{"stats":{"minecraft:picked_up":{"minecraft:crafting_table":2,"minecraft:jungle_boat":5,"minecraft:clay_ball":28,"minecraft:leather":3,"minecraft:jungle_log":10,"minecraft:oak_stairs":1,"minecraft:birch_planks":1,"minecraft:oak_log":17,"minecraft:lily_pad":5,"minecraft:yellow_bed":3,"minecraft:string":4,"minecraft:dirt":129,"minecraft:bone":2,"minecraft:kelp":13,"minecraft:wheat_seeds":3,"minecraft:bell":1,"minecraft:spruce_planks":1,"minecraft:beef":3,"minecraft:sugar_cane":18,"minecraft:oak_planks":2,"minecraft:oak_slab":1,"minecraft:sandstone":3,"minecraft:dandelion":4,"minecraft:spruce_stairs":3,"minecraft:gravel":1,"minecraft:jungle_planks":4,"minecraft:sand":38,"minecraft:white_bed":2,"minecraft:barrel":4,"minecraft:hay_block":4,"minecraft:oak_button":1},"minecraft:used":{"minecraft:leather_leggings":1,"minecraft:iron_shovel":189,"minecraft:sandstone":2,"minecraft:iron_sword":35,"minecraft:cooked_salmon":6,"minecraft:jungle_boat":5,"minecraft:dirt":68,"minecraft:sand":11,"minecraft:oak_slab":3,"minecraft:crafting_table":5,"minecraft:jungle_planks":1,"minecraft:spruce_stairs":1,"minecraft:white_bed":2,"minecraft:iron_axe":42,"minecraft:oak_button":4,"minecraft:iron_pickaxe":6,"minecraft:barrel":4,"minecraft:yellow_bed":3,"minecraft:oak_boat":1,"minecraft:experience_bottle":1},"minecraft:dropped":{"minecraft:oak_slab":1,"minecraft:birch_planks":1,"minecraft:wheat_seeds":1,"minecraft:filled_map":4,"minecraft:dirt":1,"minecraft:oak_stairs":1,"minecraft:sandstone":1,"minecraft:wooden_pickaxe":1,"minecraft:paper":1,"minecraft:dandelion":4},"minecraft:crafted":{"minecraft:oak_slab":6,"minecraft:oak_planks":44,"minecraft:oak_sign":15,"minecraft:barrel":2,"minecraft:crafting_table":3,"minecraft:jungle_boat":1,"minecraft:wooden_pickaxe":1,"minecraft:iron_sword":1,"minecraft:jungle_slab":6,"minecraft:jungle_planks":40,"minecraft:oak_boat":1,"minecraft:iron_axe":1,"minecraft:stick":16,"minecraft:iron_pickaxe":1,"minecraft:iron_shovel":1,"minecraft:oak_button":3},"minecraft:custom":{"minecraft:mob_kills":8,"minecraft:interact_with_crafting_table":12,"minecraft:time_since_death":41995,"minecraft:sleep_in_bed":1,"minecraft:climb_one_cm":516,"minecraft:time_since_rest":557,"minecraft:sprint_one_cm":39147,"minecraft:damage_taken":489,"minecraft:walk_one_cm":89283,"minecraft:drop":13,"minecraft:damage_dealt":1130,"minecraft:swim_one_cm":22205,"minecraft:talked_to_villager":2,"minecraft:fly_one_cm":108558,"minecraft:open_chest":34,"minecraft:crouch_one_cm":1505,"minecraft:play_time":41995,"minecraft:sneak_time":700,"minecraft:walk_under_water_one_cm":15315,"minecraft:boat_one_cm":486664,"minecraft:jump":454,"minecraft:walk_on_water_one_cm":7553,"minecraft:total_world_time":41995,"minecraft:fall_one_cm":7010},"minecraft:mined":{"minecraft:oak_slab":1,"minecraft:spruce_planks":2,"minecraft:white_bed":2,"minecraft:dandelion":3,"minecraft:clay":7,"minecraft:crafting_table":2,"minecraft:jungle_stairs":1,"minecraft:grass_block":117,"minecraft:jungle_planks":5,"minecraft:jungle_log":10,"minecraft:tall_grass":3,"minecraft:sugar_cane":8,"minecraft:oak_planks":2,"minecraft:sandstone":4,"minecraft:hay_block":4,"minecraft:spruce_stairs":3,"minecraft:birch_planks":1,"minecraft:tall_seagrass":1,"minecraft:barrel":4,"minecraft:yellow_bed":3,"minecraft:bell":1,"minecraft:grass":20,"minecraft:oak_log":17,"minecraft:vine":1,"minecraft:oak_stairs":1,"minecraft:dirt":20,"minecraft:gravel":1,"minecraft:sand":40,"minecraft:oak_button":1,"minecraft:suspicious_gravel":1},"minecraft:killed":{"minecraft:spider":3,"minecraft:skeleton":1,"minecraft:zombie":1,"minecraft:cow":3}},"DataVersion":3465}