{"stats":{"minecraft:picked_up":{"minecraft:crafting_table":2,"minecraft:sandstone":2,"minecraft:jungle_boat":2,"minecraft:jungle_log":10,"minecraft:spruce_stairs":3,"minecraft:sand":30,"minecraft:jungle_planks":4,"minecraft:lily_pad":5,"minecraft:kelp":13,"minecraft:spruce_planks":1,"minecraft:sugar_cane":18,"minecraft:oak_planks":1},"minecraft:used":{"minecraft:leather_leggings":1,"minecraft:iron_shovel":29,"minecraft:iron_axe":16,"minecraft:iron_pickaxe":3,"minecraft:sandstone":2,"minecraft:iron_sword":4,"minecraft:jungle_boat":2,"minecraft:sand":7,"minecraft:crafting_table":4,"minecraft:jungle_planks":1,"minecraft:spruce_stairs":1},"minecraft:dropped":{"minecraft:filled_map":2},"minecraft:crafted":{"minecraft:crafting_table":2,"minecraft:iron_axe":1,"minecraft:stick":12,"minecraft:jungle_boat":1,"minecraft:wooden_pickaxe":1,"minecraft:iron_pickaxe":1,"minecraft:iron_sword":1,"minecraft:iron_shovel":1,"minecraft:jungle_planks":28},"minecraft:custom":{"minecraft:time_since_rest":17995,"minecraft:sprint_one_cm":5511,"minecraft:walk_one_cm":12627,"minecraft:drop":2,"minecraft:damage_dealt":10,"minecraft:swim_one_cm":9198,"minecraft:interact_with_crafting_table":4,"minecraft:fly_one_cm":18497,"minecraft:open_chest":18,"minecraft:crouch_one_cm":163,"minecraft:play_time":17995,"minecraft:sneak_time":222,"minecraft:walk_under_water_one_cm":9262,"minecraft:boat_one_cm":354032,"minecraft:jump":76,"minecraft:walk_on_water_one_cm":3992,"minecraft:time_since_death":17995,"minecraft:total_world_time":17995,"minecraft:fall_one_cm":476},"minecraft:mined":{"minecraft:spruce_stairs":3,"minecraft:spruce_planks":2,"minecraft:crafting_table":2,"minecraft:jungle_stairs":1,"minecraft:jungle_planks":5,"minecraft:vine":1,"minecraft:jungle_log":10,"minecraft:sand":33,"minecraft:oak_planks":1,"minecraft:sugar_cane":8,"minecraft:sandstone":2,"minecraft:suspicious_gravel":1}},"DataVersion":3465}