{"stats":{"minecraft:picked_up":{"minecraft:iron_chestplate":2,"minecraft:wheat":1,"minecraft:diamond_sword":3,"minecraft:oak_stairs":22,"minecraft:enchanted_book":1,"minecraft:brewing_stand":1,"minecraft:golden_sword":1,"minecraft:string":15100,"minecraft:raw_copper":17,"minecraft:soul_soil":1,"minecraft:iron_leggings":4,"minecraft:oak_sign":12,"minecraft:gold_nugget":10,"minecraft:cobbled_deepslate":214,"minecraft:bucket":17,"minecraft:spruce_planks":1,"minecraft:redstone_torch":2,"minecraft:iron_pickaxe":1,"minecraft:iron_boots":2,"minecraft:furnace":1,"minecraft:golden_helmet":2,"minecraft:stick":21,"minecraft:composter":42,"minecraft:oak_fence":31,"minecraft:torch":122,"minecraft:spruce_stairs":3,"minecraft:porkchop":8,"minecraft:cherry_log":3,"minecraft:pointed_dripstone":10,"minecraft:rotten_flesh":14,"minecraft:white_terracotta":40,"minecraft:obsidian":48,"minecraft:cobblestone":811,"minecraft:birch_log":20,"minecraft:feather":1,"minecraft:andesite":19,"minecraft:water_bucket":14,"minecraft:jungle_log":10,"minecraft:potato":12,"minecraft:flint":1,"minecraft:tuff":28,"minecraft:dirt":1388,"minecraft:bone":6,"minecraft:bow":1,"minecraft:stonecutter":2,"minecraft:wheat_seeds":81,"minecraft:raw_gold":8,"minecraft:bell":3,"minecraft:powered_rail":5,"minecraft:oak_planks":193,"minecraft:jungle_planks":4,"minecraft:sand":78,"minecraft:barrel":12,"minecraft:iron_hoe":1,"minecraft:dispenser":1,"minecraft:diamond":33,"minecraft:granite":15,"minecraft:bread":101,"minecraft:emerald":216,"minecraft:oak_sapling":15,"minecraft:netherrack":120,"minecraft:diamond_pickaxe":6,"minecraft:fishing_rod":5,"minecraft:crafting_table":6,"minecraft:clay_ball":44,"minecraft:cornflower":2,"minecraft:oak_trapdoor":1,"minecraft:iron_axe":1,"minecraft:iron_shovel":4,"minecraft:glass_pane":118,"minecraft:beef":30,"minecraft:oak_boat":17,"minecraft:poppy":8,"minecraft:lectern":38,"minecraft:minecart":6,"minecraft:chest":8,"minecraft:sugar_cane":20,"minecraft:birch_sapling":1,"minecraft:egg":5,"minecraft:raw_iron":2,"minecraft:sandstone":3,"minecraft:carrot":182,"minecraft:redstone":20,"minecraft:arrow":15,"minecraft:diamond_chestplate":3,"minecraft:hay_block":21,"minecraft:gold_ingot":17,"minecraft:white_wool":234,"minecraft:rail":14,"minecraft:oxeye_daisy":4,"minecraft:jungle_boat":5,"minecraft:basalt":3,"minecraft:leather":13,"minecraft:birch_planks":1,"minecraft:oak_log":233,"minecraft:lily_pad":5,"minecraft:yellow_bed":4,"minecraft:gunpowder":6,"minecraft:apple":11,"minecraft:kelp":13,"minecraft:iron_ingot":68,"minecraft:cooked_chicken":1,"minecraft:soul_sand":7,"minecraft:iron_sword":1,"minecraft:book":12,"minecraft:oak_slab":3,"minecraft:pumpkin":12,"minecraft:red_wool":77,"minecraft:dandelion":15,"minecraft:dripstone_block":9,"minecraft:gravel":5,"minecraft:white_bed":5,"minecraft:spider_eye":1,"minecraft:leather_helmet":2,"minecraft:diamond_shovel":4,"minecraft:iron_helmet":3,"minecraft:diamond_axe":3,"minecraft:oak_button":3,"minecraft:terracotta":2,"minecraft:coal":48,"minecraft:hopper":2,"minecraft:ender_pearl":2},"minecraft:broken":{"minecraft:iron_shovel":2,"minecraft:wooden_shovel":2,"minecraft:iron_pickaxe":1},"minecraft:used":{"minecraft:iron_shovel":836,"minecraft:dispenser":2,"minecraft:ladder":2,"minecraft:oak_sign":12,"minecraft:chest":17,"minecraft:iron_sword":105,"minecraft:bell":2,"minecraft:rotten_flesh":3,"minecraft:jungle_planks":1,"minecraft:carrot":157,"minecraft:obsidian":15,"minecraft:glass":10,"minecraft:lava_bucket":12,"minecraft:red_wool":9,"minecraft:lantern":2,"minecraft:bow":1,"minecraft:furnace":2,"minecraft:oak_sapling":4,"minecraft:egg":1,"minecraft:potato":20,"minecraft:leather_leggings":1,"minecraft:powered_rail":10,"minecraft:oak_planks":64,"minecraft:ender_pearl":1,"minecraft:sandstone":2,"minecraft:composter":42,"minecraft:diamond_axe":406,"minecraft:jungle_boat":5,"minecraft:sand":11,"minecraft:shears":1,"minecraft:redstone_torch":6,"minecraft:lever":1,"minecraft:bread":45,"minecraft:string":4,"minecraft:lectern":38,"minecraft:polished_granite":2,"minecraft:gravel":4,"minecraft:diamond_sword":138,"minecraft:oak_boat":17,"minecraft:bone_meal":15,"minecraft:experience_bottle":1,"minecraft:oak_trapdoor":17,"minecraft:flint_and_steel":4,"minecraft:wooden_shovel":142,"minecraft:cooked_salmon":6,"minecraft:netherrack":44,"minecraft:torch":79,"minecraft:dirt":667,"minecraft:anvil":1,"minecraft:hopper":3,"minecraft:spruce_stairs":1,"minecraft:iron_hoe":139,"minecraft:bookshelf":4,"minecraft:iron_axe":179,"minecraft:oak_stairs":2,"minecraft:barrel":16,"minecraft:diamond_chestplate":2,"minecraft:tripwire_hook":2,"minecraft:beef":15,"minecraft:cobbled_deepslate":20,"minecraft:iron_leggings":1,"minecraft:water_bucket":400,"minecraft:cobblestone_slab":56,"minecraft:rail":31,"minecraft:oak_slab":3,"minecraft:crafting_table":16,"minecraft:white_bed":5,"minecraft:wooden_hoe":2,"minecraft:apple":3,"minecraft:diamond_pickaxe":1018,"minecraft:diamond_shovel":1183,"minecraft:oak_button":10,"minecraft:iron_pickaxe":473,"minecraft:cobblestone":157,"minecraft:porkchop":2,"minecraft:bucket":418,"minecraft:glass_pane":121,"minecraft:yellow_bed":4},"minecraft:dropped":{"minecraft:iron_sword":1,"minecraft:birch_planks":1,"minecraft:diamond":14,"minecraft:leather":5,"minecraft:dirt":11,"minecraft:cornflower":1,"minecraft:fishing_rod":2,"minecraft:obsidian":6,"minecraft:rotten_flesh":9,"minecraft:diamond_shovel":1,"minecraft:carrot":1,"minecraft:poppy":8,"minecraft:lectern":1,"minecraft:enchanted_book":2,"minecraft:egg":1,"minecraft:iron_ingot":111,"minecraft:bread":2,"minecraft:oak_slab":7,"minecraft:wheat_seeds":62,"minecraft:oak_fence":1,"minecraft:cobblestone":84,"minecraft:granite":12,"minecraft:stick":4,"minecraft:oxeye_daisy":2,"minecraft:wooden_hoe":1,"minecraft:oak_stairs":1,"minecraft:stonecutter":1,"minecraft:iron_shovel":1,"minecraft:paper":1,"minecraft:string":457,"minecraft:dandelion":10,"minecraft:soul_soil":1,"minecraft:raw_copper":5,"minecraft:clay_ball":8,"minecraft:oak_sign":7,"minecraft:flint_and_steel":1,"minecraft:filled_map":4,"minecraft:diamond_pickaxe":3,"minecraft:andesite":5,"minecraft:oak_boat":1,"minecraft:sandstone":1,"minecraft:wooden_pickaxe":1},"minecraft:killed_by":{"minecraft:zombified_piglin":1,"minecraft:creeper":1,"minecraft:player":2,"minecraft:iron_golem":3},"minecraft:crafted":{"minecraft:brick":158,"minecraft:oak_planks":352,"minecraft:barrel":4,"minecraft:cobblestone_slab":60,"minecraft:oak_sign":15,"minecraft:diamond_shovel":1,"minecraft:lever":1,"minecraft:bookshelf":14,"minecraft:glass":100,"minecraft:hopper":1,"minecraft:bow":2,"minecraft:iron_boots":1,"minecraft:chest":10,"minecraft:oak_button":7,"minecraft:chiseled_stone_bricks":64,"minecraft:golden_boots":1,"minecraft:oak_slab":42,"minecraft:wooden_shovel":2,"minecraft:emerald":551,"minecraft:diamond_axe":2,"minecraft:crafting_table":10,"minecraft:jungle_boat":1,"minecraft:wooden_pickaxe":1,"minecraft:iron_helmet":1,"minecraft:red_wool":86,"minecraft:dispenser":1,"minecraft:lectern":2,"minecraft:wooden_hoe":2,"minecraft:iron_chestplate":1,"minecraft:book":4,"minecraft:diamond_pickaxe":2,"minecraft:stick":124,"minecraft:iron_ingot":1,"minecraft:iron_pickaxe":8,"minecraft:iron_block":3,"minecraft:gold_ingot":8,"minecraft:redstone_torch":4,"minecraft:composter":2,"minecraft:shears":1,"minecraft:cherry_planks":12,"minecraft:fishing_rod":4,"minecraft:tripwire_hook":2,"minecraft:furnace":1,"minecraft:bone_meal":15,"minecraft:oak_trapdoor":16,"minecraft:glass_pane":192,"minecraft:flint_and_steel":1,"minecraft:lantern":12,"minecraft:iron_axe":1,"minecraft:ladder":6,"minecraft:iron_hoe":1,"minecraft:slime_ball":5,"minecraft:minecart":1,"minecraft:wheat":189,"minecraft:red_dye":86,"minecraft:diamond_sword":1,"minecraft:powered_rail":6,"minecraft:iron_sword":1,"minecraft:polished_granite":64,"minecraft:bucket":30,"minecraft:enchanted_book":14,"minecraft:jungle_slab":6,"minecraft:bread":63,"minecraft:air":0,"minecraft:jungle_planks":40,"minecraft:blue_dye":1,"minecraft:oak_boat":2,"minecraft:white_wool":256,"minecraft:oak_stairs":4,"minecraft:iron_shovel":4,"minecraft:iron_leggings":1,"minecraft:anvil":1,"minecraft:torch":140,"minecraft:diamond_chestplate":1},"minecraft:custom":{"minecraft:interact_with_crafting_table":112,"minecraft:open_barrel":10,"minecraft:bell_ring":25,"minecraft:leave_game":1,"minecraft:time_since_death":24419,"minecraft:sprint_one_cm":692850,"minecraft:drop":111,"minecraft:talked_to_villager":238,"minecraft:play_time":397698,"minecraft:deaths":8,"minecraft:jump":9674,"minecraft:walk_on_water_one_cm":134178,"minecraft:interact_with_furnace":16,"minecraft:traded_with_villager":663,"minecraft:sleep_in_bed":25,"minecraft:damage_dealt":11941,"minecraft:crouch_one_cm":36507,"minecraft:inspect_dispenser":7,"minecraft:interact_with_smithing_table":1,"minecraft:mob_kills":51,"minecraft:interact_with_anvil":15,"minecraft:inspect_hopper":3,"minecraft:climb_one_cm":2060,"minecraft:walk_one_cm":1104037,"minecraft:sneak_time":11680,"minecraft:walk_under_water_one_cm":27882,"minecraft:boat_one_cm":848968,"minecraft:total_world_time":397698,"minecraft:time_since_rest":1908,"minecraft:damage_taken":4593,"minecraft:swim_one_cm":74139,"minecraft:fly_one_cm":2169097,"minecraft:open_chest":294,"minecraft:fall_one_cm":195026},"minecraft:mined":{"minecraft:spruce_planks":2,"minecraft:white_bed":5,"minecraft:farmland":3,"minecraft:cherry_log":3,"minecraft:brewing_stand":1,"minecraft:obsidian":27,"minecraft:granite":15,"minecraft:grass_block":656,"minecraft:jungle_log":10,"minecraft:soul_soil":1,"minecraft:composter":41,"minecraft:hopper":2,"minecraft:oak_wall_sign":2,"minecraft:oxeye_daisy":4,"minecraft:tall_seagrass":2,"minecraft:cobbled_deepslate":1,"minecraft:iron_ore":2,"minecraft:fire":2,"minecraft:barrel":12,"minecraft:pumpkin":12,"minecraft:pointed_dripstone":2,"minecraft:dirt_path":25,"minecraft:oak_stairs":39,"minecraft:tripwire":3,"minecraft:deepslate_redstone_ore":3,"minecraft:clay":11,"minecraft:torch":1,"minecraft:jungle_stairs":1,"minecraft:chest":8,"minecraft:cobblestone":29,"minecraft:sugar_cane":8,"minecraft:oak_planks":38,"minecraft:seagrass":1,"minecraft:white_terracotta":47,"minecraft:powered_rail":3,"minecraft:birch_log":20,"minecraft:wheat":3,"minecraft:grass":303,"minecraft:oak_log":241,"minecraft:sand":84,"minecraft:dirt":794,"minecraft:dispenser":1,"minecraft:stonecutter":1,"minecraft:netherrack":123,"minecraft:oak_leaves":46,"minecraft:deepslate":220,"minecraft:suspicious_gravel":1,"minecraft:nether_gold_ore":2,"minecraft:diamond_ore":4,"minecraft:tuff":28,"minecraft:deepslate_diamond_ore":26,"minecraft:jungle_planks":5,"minecraft:sandstone":4,"minecraft:hay_block":21,"minecraft:oak_trapdoor":1,"minecraft:furnace":1,"minecraft:carrots":58,"minecraft:andesite":19,"minecraft:bell":3,"minecraft:bookshelf":4,"minecraft:vine":1,"minecraft:rail":11,"minecraft:stone":807,"minecraft:redstone_wall_torch":2,"minecraft:oak_slab":1,"minecraft:glass_pane":18,"minecraft:soul_sand":12,"minecraft:basalt":3,"minecraft:dandelion":12,"minecraft:oak_fence":33,"minecraft:crafting_table":6,"minecraft:cornflower":3,"minecraft:lectern":37,"minecraft:tall_grass":52,"minecraft:copper_ore":18,"minecraft:deepslate_gold_ore":8,"minecraft:spruce_stairs":3,"minecraft:birch_planks":1,"minecraft:yellow_bed":4,"minecraft:coal_ore":46,"minecraft:gravel":6,"minecraft:dripstone_block":9,"minecraft:terracotta":2,"minecraft:oak_button":3},"minecraft:killed":{"minecraft:cave_spider":1,"minecraft:spider":8,"minecraft:skeleton":4,"minecraft:chicken":1,"minecraft:pig":3,"minecraft:iron_golem":5,"minecraft:creeper":2,"minecraft:pillager":1,"minecraft:zombie":11,"minecraft:cow":10,"minecraft:villager":3}},"DataVersion":3465}