{"stats":{"minecraft:picked_up":{"minecraft:crafting_table":3,"minecraft:clay_ball":28,"minecraft:oak_stairs":1,"minecraft:string":3113,"minecraft:iron_shovel":1,"minecraft:oak_sign":1,"minecraft:spruce_planks":1,"minecraft:beef":3,"minecraft:oak_boat":1,"minecraft:lectern":5,"minecraft:sugar_cane":18,"minecraft:chest":6,"minecraft:sandstone":3,"minecraft:oak_fence":1,"minecraft:spruce_stairs":3,"minecraft:carrot":8,"minecraft:arrow":4,"minecraft:hay_block":4,"minecraft:cobblestone":70,"minecraft:jungle_boat":5,"minecraft:jungle_log":10,"minecraft:leather":3,"minecraft:birch_planks":1,"minecraft:oak_log":39,"minecraft:lily_pad":5,"minecraft:yellow_bed":3,"minecraft:gunpowder":2,"minecraft:dirt":228,"minecraft:bone":4,"minecraft:kelp":13,"minecraft:stonecutter":2,"minecraft:wheat_seeds":21,"minecraft:bell":3,"minecraft:oak_planks":4,"minecraft:oak_slab":2,"minecraft:pumpkin":8,"minecraft:dandelion":8,"minecraft:sand":38,"minecraft:gravel":1,"minecraft:jungle_planks":4,"minecraft:white_bed":2,"minecraft:barrel":6,"minecraft:emerald":26,"minecraft:oak_button":3,"minecraft:hopper":2},"minecraft:broken":{"minecraft:iron_shovel":1,"minecraft:wooden_shovel":2},"minecraft:used":{"minecraft:oak_trapdoor":2,"minecraft:iron_shovel":497,"minecraft:oak_sign":9,"minecraft:chest":8,"minecraft:iron_sword":42,"minecraft:wooden_shovel":142,"minecraft:bell":2,"minecraft:cooked_salmon":6,"minecraft:torch":3,"minecraft:dirt":196,"minecraft:hopper":2,"minecraft:jungle_planks":1,"minecraft:spruce_stairs":1,"minecraft:carrot":31,"minecraft:iron_hoe":31,"minecraft:iron_axe":100,"minecraft:barrel":9,"minecraft:tripwire_hook":2,"minecraft:iron_leggings":1,"minecraft:water_bucket":8,"minecraft:leather_leggings":1,"minecraft:oak_planks":2,"minecraft:sandstone":2,"minecraft:jungle_boat":5,"minecraft:sand":11,"minecraft:crafting_table":7,"minecraft:oak_slab":3,"minecraft:white_bed":2,"minecraft:shears":1,"minecraft:lever":1,"minecraft:bread":3,"minecraft:oak_button":9,"minecraft:string":4,"minecraft:iron_pickaxe":83,"minecraft:lectern":5,"minecraft:cobblestone":40,"minecraft:bucket":8,"minecraft:yellow_bed":3,"minecraft:oak_boat":2,"minecraft:experience_bottle":1},"minecraft:dropped":{"minecraft:oak_slab":2,"minecraft:birch_planks":1,"minecraft:wheat_seeds":19,"minecraft:oak_fence":1,"minecraft:dirt":1,"minecraft:oak_stairs":1,"minecraft:stonecutter":1,"minecraft:iron_shovel":1,"minecraft:paper":1,"minecraft:dandelion":8,"minecraft:clay_ball":8,"minecraft:oak_sign":7,"minecraft:filled_map":4,"minecraft:sandstone":1,"minecraft:wooden_pickaxe":1},"minecraft:crafted":{"minecraft:brick":128,"minecraft:oak_planks":156,"minecraft:barrel":3,"minecraft:oak_sign":15,"minecraft:tripwire_hook":2,"minecraft:lever":1,"minecraft:bookshelf":1,"minecraft:oak_trapdoor":2,"minecraft:hopper":1,"minecraft:iron_axe":1,"minecraft:iron_hoe":1,"minecraft:slime_ball":5,"minecraft:chest":5,"minecraft:oak_button":6,"minecraft:oak_slab":12,"minecraft:wooden_shovel":2,"minecraft:emerald":74,"minecraft:crafting_table":5,"minecraft:jungle_boat":1,"minecraft:wooden_pickaxe":1,"minecraft:iron_sword":1,"minecraft:bucket":1,"minecraft:jungle_slab":6,"minecraft:air":0,"minecraft:jungle_planks":40,"minecraft:oak_boat":1,"minecraft:lectern":1,"minecraft:white_wool":192,"minecraft:iron_chestplate":1,"minecraft:stick":28,"minecraft:iron_ingot":1,"minecraft:iron_pickaxe":1,"minecraft:iron_shovel":2,"minecraft:iron_leggings":1,"minecraft:torch":4,"minecraft:shears":1},"minecraft:custom":{"minecraft:mob_kills":9,"minecraft:interact_with_crafting_table":32,"minecraft:open_barrel":2,"minecraft:bell_ring":3,"minecraft:time_since_death":95995,"minecraft:climb_one_cm":516,"minecraft:sprint_one_cm":119437,"minecraft:walk_one_cm":221217,"minecraft:drop":23,"minecraft:talked_to_villager":45,"minecraft:play_time":95995,"minecraft:sneak_time":2245,"minecraft:walk_under_water_one_cm":16846,"minecraft:boat_one_cm":486876,"minecraft:jump":1240,"minecraft:walk_on_water_one_cm":17098,"minecraft:total_world_time":95995,"minecraft:traded_with_villager":92,"minecraft:sleep_in_bed":4,"minecraft:time_since_rest":5293,"minecraft:damage_taken":529,"minecraft:damage_dealt":1516,"minecraft:swim_one_cm":22205,"minecraft:fly_one_cm":324419,"minecraft:open_chest":50,"minecraft:crouch_one_cm":5654,"minecraft:fall_one_cm":27483},"minecraft:mined":{"minecraft:spruce_planks":2,"minecraft:white_bed":2,"minecraft:farmland":2,"minecraft:grass_block":145,"minecraft:jungle_planks":5,"minecraft:jungle_log":10,"minecraft:hopper":2,"minecraft:oak_wall_sign":1,"minecraft:sandstone":4,"minecraft:hay_block":4,"minecraft:tall_seagrass":1,"minecraft:carrots":2,"minecraft:barrel":6,"minecraft:pumpkin":8,"minecraft:bell":3,"minecraft:vine":1,"minecraft:dirt_path":9,"minecraft:oak_stairs":1,"minecraft:stone":57,"minecraft:tripwire":2,"minecraft:oak_slab":1,"minecraft:dandelion":5,"minecraft:oak_fence":1,"minecraft:clay":7,"minecraft:crafting_table":3,"minecraft:jungle_stairs":1,"minecraft:chest":6,"minecraft:lectern":5,"minecraft:tall_grass":6,"minecraft:cobblestone":13,"minecraft:oak_planks":4,"minecraft:sugar_cane":8,"minecraft:spruce_stairs":3,"minecraft:birch_planks":1,"minecraft:yellow_bed":3,"minecraft:grass":110,"minecraft:oak_log":41,"minecraft:gravel":1,"minecraft:sand":40,"minecraft:dirt":42,"minecraft:oak_button":3,"minecraft:stonecutter":1,"minecraft:oak_leaves":4,"minecraft:suspicious_gravel":1},"minecraft:killed":{"minecraft:spider":3,"minecraft:skeleton":1,"minecraft:creeper":1,"minecraft:zombie":1,"minecraft:cow":3}},"DataVersion":3465}