{"stats":{"minecraft:picked_up":{"minecraft:iron_chestplate":2,"minecraft:diamond_sword":1,"minecraft:oak_stairs":1,"minecraft:brewing_stand":1,"minecraft:string":9708,"minecraft:raw_copper":17,"minecraft:soul_soil":1,"minecraft:iron_leggings":3,"minecraft:oak_sign":12,"minecraft:cobbled_deepslate":214,"minecraft:bucket":16,"minecraft:spruce_planks":1,"minecraft:redstone_torch":2,"minecraft:iron_pickaxe":1,"minecraft:iron_boots":1,"minecraft:furnace":1,"minecraft:golden_helmet":2,"minecraft:stick":5,"minecraft:composter":28,"minecraft:oak_fence":1,"minecraft:spruce_stairs":3,"minecraft:porkchop":8,"minecraft:pointed_dripstone":10,"minecraft:rotten_flesh":9,"minecraft:cobblestone":708,"minecraft:andesite":19,"minecraft:water_bucket":12,"minecraft:jungle_log":10,"minecraft:potato":2,"minecraft:flint":1,"minecraft:tuff":28,"minecraft:dirt":1235,"minecraft:bone":6,"minecraft:stonecutter":2,"minecraft:wheat_seeds":67,"minecraft:raw_gold":8,"minecraft:bell":3,"minecraft:powered_rail":3,"minecraft:oak_planks":128,"minecraft:jungle_planks":4,"minecraft:sand":78,"minecraft:barrel":12,"minecraft:iron_hoe":1,"minecraft:dispenser":1,"minecraft:diamond":30,"minecraft:granite":15,"minecraft:bread":101,"minecraft:emerald":109,"minecraft:oak_sapling":6,"minecraft:diamond_pickaxe":1,"minecraft:fishing_rod":1,"minecraft:crafting_table":6,"minecraft:clay_ball":28,"minecraft:cornflower":1,"minecraft:oak_trapdoor":1,"minecraft:iron_axe":1,"minecraft:iron_shovel":4,"minecraft:glass_pane":63,"minecraft:beef":25,"minecraft:oak_boat":15,"minecraft:poppy":8,"minecraft:lectern":28,"minecraft:minecart":4,"minecraft:chest":7,"minecraft:sugar_cane":20,"minecraft:egg":4,"minecraft:raw_iron":2,"minecraft:sandstone":3,"minecraft:carrot":97,"minecraft:redstone":13,"minecraft:arrow":6,"minecraft:diamond_chestplate":1,"minecraft:hay_block":21,"minecraft:white_wool":128,"minecraft:rail":13,"minecraft:oxeye_daisy":3,"minecraft:jungle_boat":5,"minecraft:leather":11,"minecraft:birch_planks":1,"minecraft:oak_log":88,"minecraft:lily_pad":5,"minecraft:yellow_bed":4,"minecraft:gunpowder":6,"minecraft:apple":2,"minecraft:kelp":13,"minecraft:iron_ingot":21,"minecraft:soul_sand":3,"minecraft:iron_sword":1,"minecraft:book":6,"minecraft:oak_slab":3,"minecraft:pumpkin":8,"minecraft:dandelion":14,"minecraft:dripstone_block":9,"minecraft:gravel":5,"minecraft:white_bed":5,"minecraft:spider_eye":1,"minecraft:leather_helmet":2,"minecraft:diamond_shovel":1,"minecraft:iron_helmet":1,"minecraft:diamond_axe":1,"minecraft:oak_button":3,"minecraft:coal":48,"minecraft:hopper":2,"minecraft:ender_pearl":2},"minecraft:broken":{"minecraft:iron_shovel":2,"minecraft:wooden_shovel":2,"minecraft:iron_pickaxe":1},"minecraft:used":{"minecraft:iron_shovel":835,"minecraft:dispenser":2,"minecraft:oak_sign":12,"minecraft:chest":13,"minecraft:iron_sword":102,"minecraft:bell":2,"minecraft:rotten_flesh":1,"minecraft:jungle_planks":1,"minecraft:carrot":105,"minecraft:glass":10,"minecraft:lava_bucket":12,"minecraft:lantern":2,"minecraft:furnace":2,"minecraft:oak_sapling":4,"minecraft:egg":1,"minecraft:potato":20,"minecraft:leather_leggings":1,"minecraft:powered_rail":10,"minecraft:oak_planks":60,"minecraft:sandstone":2,"minecraft:composter":29,"minecraft:diamond_axe":79,"minecraft:jungle_boat":5,"minecraft:sand":11,"minecraft:shears":1,"minecraft:redstone_torch":6,"minecraft:lever":1,"minecraft:bread":38,"minecraft:string":4,"minecraft:lectern":28,"minecraft:polished_granite":2,"minecraft:gravel":4,"minecraft:diamond_sword":112,"minecraft:oak_boat":14,"minecraft:bone_meal":15,"minecraft:experience_bottle":1,"minecraft:oak_trapdoor":17,"minecraft:flint_and_steel":3,"minecraft:wooden_shovel":142,"minecraft:cooked_salmon":6,"minecraft:torch":40,"minecraft:dirt":656,"minecraft:anvil":1,"minecraft:hopper":3,"minecraft:spruce_stairs":1,"minecraft:iron_hoe":139,"minecraft:bookshelf":2,"minecraft:iron_axe":177,"minecraft:oak_stairs":2,"minecraft:barrel":16,"minecraft:diamond_chestplate":2,"minecraft:tripwire_hook":2,"minecraft:beef":6,"minecraft:cobbled_deepslate":20,"minecraft:iron_leggings":1,"minecraft:water_bucket":399,"minecraft:cobblestone_slab":56,"minecraft:rail":31,"minecraft:oak_slab":3,"minecraft:crafting_table":15,"minecraft:white_bed":5,"minecraft:wooden_hoe":1,"minecraft:diamond_pickaxe":928,"minecraft:diamond_shovel":1154,"minecraft:oak_button":10,"minecraft:iron_pickaxe":340,"minecraft:cobblestone":123,"minecraft:porkchop":2,"minecraft:bucket":417,"minecraft:glass_pane":121,"minecraft:yellow_bed":4},"minecraft:dropped":{"minecraft:birch_planks":1,"minecraft:leather":3,"minecraft:dirt":10,"minecraft:rotten_flesh":8,"minecraft:carrot":1,"minecraft:poppy":8,"minecraft:egg":1,"minecraft:bread":2,"minecraft:oak_slab":7,"minecraft:wheat_seeds":54,"minecraft:oak_fence":1,"minecraft:cobblestone":84,"minecraft:granite":12,"minecraft:stick":4,"minecraft:oxeye_daisy":1,"minecraft:wooden_hoe":1,"minecraft:oak_stairs":1,"minecraft:stonecutter":1,"minecraft:iron_shovel":1,"minecraft:paper":1,"minecraft:string":450,"minecraft:dandelion":9,"minecraft:soul_soil":1,"minecraft:raw_copper":5,"minecraft:clay_ball":8,"minecraft:oak_sign":7,"minecraft:filled_map":4,"minecraft:oak_boat":1,"minecraft:sandstone":1,"minecraft:wooden_pickaxe":1},"minecraft:killed_by":{"minecraft:iron_golem":3},"minecraft:crafted":{"minecraft:brick":158,"minecraft:oak_planks":328,"minecraft:barrel":4,"minecraft:cobblestone_slab":60,"minecraft:oak_sign":15,"minecraft:diamond_shovel":1,"minecraft:lever":1,"minecraft:bookshelf":6,"minecraft:glass":100,"minecraft:hopper":1,"minecraft:bow":1,"minecraft:iron_boots":1,"minecraft:chest":7,"minecraft:oak_button":7,"minecraft:chiseled_stone_bricks":64,"minecraft:oak_slab":36,"minecraft:wooden_shovel":2,"minecraft:emerald":381,"minecraft:diamond_axe":1,"minecraft:crafting_table":9,"minecraft:jungle_boat":1,"minecraft:wooden_pickaxe":1,"minecraft:iron_helmet":1,"minecraft:dispenser":1,"minecraft:lectern":1,"minecraft:wooden_hoe":1,"minecraft:iron_chestplate":1,"minecraft:book":4,"minecraft:diamond_pickaxe":1,"minecraft:stick":96,"minecraft:iron_ingot":1,"minecraft:iron_pickaxe":8,"minecraft:iron_block":3,"minecraft:gold_ingot":8,"minecraft:redstone_torch":4,"minecraft:composter":2,"minecraft:shears":1,"minecraft:fishing_rod":4,"minecraft:tripwire_hook":2,"minecraft:furnace":1,"minecraft:bone_meal":15,"minecraft:oak_trapdoor":16,"minecraft:glass_pane":192,"minecraft:flint_and_steel":1,"minecraft:lantern":12,"minecraft:iron_axe":1,"minecraft:iron_hoe":1,"minecraft:slime_ball":5,"minecraft:minecart":1,"minecraft:wheat":153,"minecraft:diamond_sword":1,"minecraft:powered_rail":6,"minecraft:iron_sword":1,"minecraft:polished_granite":64,"minecraft:bucket":30,"minecraft:enchanted_book":8,"minecraft:jungle_slab":6,"minecraft:bread":51,"minecraft:air":0,"minecraft:jungle_planks":40,"minecraft:blue_dye":1,"minecraft:oak_boat":2,"minecraft:white_wool":192,"minecraft:oak_stairs":4,"minecraft:iron_shovel":4,"minecraft:iron_leggings":1,"minecraft:anvil":1,"minecraft:torch":140,"minecraft:diamond_chestplate":1},"minecraft:custom":{"minecraft:interact_with_crafting_table":95,"minecraft:open_barrel":10,"minecraft:bell_ring":25,"minecraft:leave_game":1,"minecraft:time_since_death":56256,"minecraft:sprint_one_cm":458677,"minecraft:drop":77,"minecraft:talked_to_villager":181,"minecraft:play_time":295698,"minecraft:deaths":3,"minecraft:jump":5317,"minecraft:walk_on_water_one_cm":113385,"minecraft:interact_with_furnace":15,"minecraft:traded_with_villager":478,"minecraft:sleep_in_bed":19,"minecraft:damage_dealt":9882,"minecraft:crouch_one_cm":29809,"minecraft:inspect_dispenser":5,"minecraft:interact_with_smithing_table":1,"minecraft:mob_kills":41,"minecraft:interact_with_anvil":10,"minecraft:climb_one_cm":516,"minecraft:walk_one_cm":847302,"minecraft:sneak_time":9771,"minecraft:walk_under_water_one_cm":22792,"minecraft:boat_one_cm":779586,"minecraft:total_world_time":295698,"minecraft:time_since_rest":10552,"minecraft:damage_taken":2522,"minecraft:swim_one_cm":29065,"minecraft:fly_one_cm":1342855,"minecraft:open_chest":180,"minecraft:fall_one_cm":128251},"minecraft:mined":{"minecraft:spruce_planks":2,"minecraft:white_bed":5,"minecraft:farmland":3,"minecraft:brewing_stand":1,"minecraft:granite":15,"minecraft:grass_block":643,"minecraft:jungle_log":10,"minecraft:soul_soil":1,"minecraft:composter":28,"minecraft:hopper":2,"minecraft:oak_wall_sign":2,"minecraft:oxeye_daisy":4,"minecraft:tall_seagrass":2,"minecraft:cobbled_deepslate":1,"minecraft:iron_ore":2,"minecraft:fire":2,"minecraft:barrel":12,"minecraft:pumpkin":8,"minecraft:pointed_dripstone":2,"minecraft:dirt_path":24,"minecraft:oak_stairs":1,"minecraft:tripwire":2,"minecraft:deepslate_redstone_ore":3,"minecraft:clay":7,"minecraft:jungle_stairs":1,"minecraft:chest":7,"minecraft:cobblestone":20,"minecraft:sugar_cane":8,"minecraft:oak_planks":31,"minecraft:seagrass":1,"minecraft:powered_rail":3,"minecraft:wheat":1,"minecraft:grass":258,"minecraft:oak_log":91,"minecraft:sand":84,"minecraft:dirt":781,"minecraft:dispenser":1,"minecraft:stonecutter":1,"minecraft:oak_leaves":7,"minecraft:deepslate":220,"minecraft:suspicious_gravel":1,"minecraft:diamond_ore":4,"minecraft:tuff":28,"minecraft:deepslate_diamond_ore":26,"minecraft:jungle_planks":5,"minecraft:sandstone":4,"minecraft:hay_block":21,"minecraft:oak_trapdoor":1,"minecraft:furnace":1,"minecraft:carrots":35,"minecraft:andesite":19,"minecraft:bell":3,"minecraft:bookshelf":2,"minecraft:vine":1,"minecraft:rail":11,"minecraft:stone":804,"minecraft:redstone_wall_torch":2,"minecraft:oak_slab":1,"minecraft:glass_pane":13,"minecraft:soul_sand":8,"minecraft:dandelion":12,"minecraft:oak_fence":2,"minecraft:crafting_table":6,"minecraft:cornflower":2,"minecraft:lectern":27,"minecraft:tall_grass":44,"minecraft:copper_ore":18,"minecraft:deepslate_gold_ore":8,"minecraft:spruce_stairs":3,"minecraft:birch_planks":1,"minecraft:yellow_bed":4,"minecraft:coal_ore":46,"minecraft:gravel":6,"minecraft:dripstone_block":9,"minecraft:oak_button":3},"minecraft:killed":{"minecraft:cave_spider":1,"minecraft:spider":8,"minecraft:skeleton":2,"minecraft:pig":3,"minecraft:iron_golem":4,"minecraft:creeper":2,"minecraft:pillager":1,"minecraft:zombie":7,"minecraft:cow":9,"minecraft:villager":3}},"DataVersion":3465}