{"stats":{"minecraft:picked_up":{"minecraft:crafting_table":2,"minecraft:clay_ball":28,"minecraft:oak_stairs":1,"minecraft:string":1815,"minecraft:iron_shovel":1,"minecraft:oak_sign":1,"minecraft:spruce_planks":1,"minecraft:beef":3,"minecraft:oak_boat":1,"minecraft:lectern":5,"minecraft:sugar_cane":18,"minecraft:chest":2,"minecraft:sandstone":3,"minecraft:oak_fence":1,"minecraft:spruce_stairs":3,"minecraft:arrow":4,"minecraft:hay_block":4,"minecraft:cobblestone":70,"minecraft:jungle_boat":5,"minecraft:jungle_log":10,"minecraft:leather":3,"minecraft:birch_planks":1,"minecraft:oak_log":24,"minecraft:lily_pad":5,"minecraft:yellow_bed":3,"minecraft:dirt":182,"minecraft:bone":4,"minecraft:kelp":13,"minecraft:stonecutter":1,"minecraft:wheat_seeds":18,"minecraft:bell":3,"minecraft:oak_planks":3,"minecraft:oak_slab":2,"minecraft:dandelion":8,"minecraft:sand":38,"minecraft:gravel":1,"minecraft:jungle_planks":4,"minecraft:white_bed":2,"minecraft:barrel":6,"minecraft:oak_button":3},"minecraft:broken":{"minecraft:iron_shovel":1,"minecraft:wooden_shovel":2},"minecraft:used":{"minecraft:oak_trapdoor":2,"minecraft:iron_shovel":395,"minecraft:oak_sign":9,"minecraft:chest":4,"minecraft:iron_sword":35,"minecraft:wooden_shovel":142,"minecraft:bell":2,"minecraft:cooked_salmon":6,"minecraft:torch":3,"minecraft:dirt":155,"minecraft:jungle_planks":1,"minecraft:spruce_stairs":1,"minecraft:carrot":23,"minecraft:iron_hoe":27,"minecraft:iron_axe":63,"minecraft:barrel":9,"minecraft:tripwire_hook":2,"minecraft:iron_leggings":1,"minecraft:water_bucket":8,"minecraft:leather_leggings":1,"minecraft:oak_planks":1,"minecraft:sandstone":2,"minecraft:jungle_boat":5,"minecraft:sand":11,"minecraft:crafting_table":7,"minecraft:oak_slab":3,"minecraft:white_bed":2,"minecraft:shears":1,"minecraft:lever":1,"minecraft:bread":1,"minecraft:oak_button":9,"minecraft:string":3,"minecraft:iron_pickaxe":80,"minecraft:lectern":5,"minecraft:cobblestone":40,"minecraft:bucket":8,"minecraft:yellow_bed":3,"minecraft:oak_boat":2,"minecraft:experience_bottle":1},"minecraft:dropped":{"minecraft:oak_slab":2,"minecraft:birch_planks":1,"minecraft:wheat_seeds":1,"minecraft:oak_fence":1,"minecraft:dirt":1,"minecraft:oak_stairs":1,"minecraft:iron_shovel":1,"minecraft:paper":1,"minecraft:dandelion":8,"minecraft:clay_ball":8,"minecraft:filled_map":4,"minecraft:sandstone":1,"minecraft:wooden_pickaxe":1},"minecraft:crafted":{"minecraft:oak_planks":96,"minecraft:barrel":3,"minecraft:oak_sign":15,"minecraft:tripwire_hook":2,"minecraft:lever":1,"minecraft:bookshelf":1,"minecraft:oak_trapdoor":2,"minecraft:iron_axe":1,"minecraft:iron_hoe":1,"minecraft:chest":2,"minecraft:oak_button":6,"minecraft:oak_slab":12,"minecraft:wooden_shovel":2,"minecraft:emerald":42,"minecraft:crafting_table":5,"minecraft:jungle_boat":1,"minecraft:wooden_pickaxe":1,"minecraft:iron_sword":1,"minecraft:bucket":1,"minecraft:jungle_slab":6,"minecraft:air":0,"minecraft:jungle_planks":40,"minecraft:oak_boat":1,"minecraft:lectern":1,"minecraft:white_wool":128,"minecraft:iron_chestplate":1,"minecraft:stick":28,"minecraft:iron_ingot":1,"minecraft:iron_pickaxe":1,"minecraft:iron_shovel":2,"minecraft:iron_leggings":1,"minecraft:torch":4,"minecraft:shears":1},"minecraft:custom":{"minecraft:mob_kills":8,"minecraft:interact_with_crafting_table":29,"minecraft:open_barrel":2,"minecraft:bell_ring":3,"minecraft:time_since_death":83995,"minecraft:climb_one_cm":516,"minecraft:sprint_one_cm":89586,"minecraft:walk_one_cm":181688,"minecraft:drop":20,"minecraft:talked_to_villager":35,"minecraft:play_time":83995,"minecraft:sneak_time":1756,"minecraft:walk_under_water_one_cm":15315,"minecraft:boat_one_cm":486876,"minecraft:jump":918,"minecraft:walk_on_water_one_cm":13917,"minecraft:total_world_time":83995,"minecraft:traded_with_villager":42,"minecraft:sleep_in_bed":3,"minecraft:time_since_rest":15786,"minecraft:damage_taken":529,"minecraft:damage_dealt":1130,"minecraft:swim_one_cm":22205,"minecraft:fly_one_cm":229487,"minecraft:open_chest":47,"minecraft:crouch_one_cm":4840,"minecraft:fall_one_cm":19400},"minecraft:mined":{"minecraft:spruce_planks":2,"minecraft:white_bed":2,"minecraft:grass_block":145,"minecraft:jungle_planks":5,"minecraft:jungle_log":10,"minecraft:oak_wall_sign":1,"minecraft:sandstone":4,"minecraft:hay_block":4,"minecraft:tall_seagrass":1,"minecraft:barrel":6,"minecraft:bell":3,"minecraft:vine":1,"minecraft:dirt_path":8,"minecraft:oak_stairs":1,"minecraft:stone":57,"minecraft:tripwire":1,"minecraft:oak_slab":1,"minecraft:dandelion":5,"minecraft:oak_fence":1,"minecraft:clay":7,"minecraft:crafting_table":2,"minecraft:jungle_stairs":1,"minecraft:chest":2,"minecraft:lectern":5,"minecraft:tall_grass":6,"minecraft:cobblestone":13,"minecraft:oak_planks":3,"minecraft:sugar_cane":8,"minecraft:spruce_stairs":3,"minecraft:birch_planks":1,"minecraft:yellow_bed":3,"minecraft:grass":94,"minecraft:oak_log":24,"minecraft:gravel":1,"minecraft:sand":40,"minecraft:dirt":38,"minecraft:oak_button":3,"minecraft:stonecutter":1,"minecraft:oak_leaves":1,"minecraft:suspicious_gravel":1},"minecraft:killed":{"minecraft:spider":3,"minecraft:skeleton":1,"minecraft:zombie":1,"minecraft:cow":3}},"DataVersion":3465}