{"stats":{"minecraft:picked_up":{"minecraft:birch_log":10,"minecraft:crafting_table":4,"minecraft:chicken":2,"minecraft:clay_ball":32,"minecraft:leather":5,"minecraft:brown_mushroom":1,"minecraft:birch_planks":2,"minecraft:oak_log":14,"minecraft:lapis_lazuli":32,"minecraft:dirt":53,"minecraft:raw_copper":12,"minecraft:white_carpet":1,"minecraft:wheat_seeds":5,"minecraft:beef":2,"minecraft:oak_boat":3,"minecraft:fletching_table":1,"minecraft:bamboo":158,"minecraft:melon_slice":55,"minecraft:sugar_cane":13,"minecraft:stick":4,"minecraft:raw_iron":15,"minecraft:pumpkin":3,"minecraft:torch":4,"minecraft:gravel":4,"minecraft:diorite":9,"minecraft:rotten_flesh":2,"minecraft:gray_wool":1,"minecraft:oak_sapling":1,"minecraft:light_gray_carpet":1,"minecraft:snowball":40,"minecraft:mutton":7,"minecraft:coal":5,"minecraft:white_wool":5,"minecraft:cobblestone":128},"minecraft:used":{"minecraft:wheat_seeds":1,"minecraft:stone_sword":44,"minecraft:birch_planks":8,"minecraft:stone_shovel":107,"minecraft:stone_pickaxe":188,"minecraft:wooden_pickaxe":21,"minecraft:fletching_table":1,"minecraft:rotten_flesh":2,"minecraft:torch":8,"minecraft:dirt":11,"minecraft:mutton":7,"minecraft:crafting_table":4,"minecraft:bread":3,"minecraft:melon_slice":14,"minecraft:stone_axe":73,"minecraft:beef":2,"minecraft:oak_boat":3},"minecraft:broken":{"minecraft:stone_pickaxe":1},"minecraft:dropped":{"minecraft:gravel":4,"minecraft:birch_planks":1,"minecraft:wheat_seeds":3,"minecraft:stick":4,"minecraft:gray_wool":1,"minecraft:oak_sapling":1,"minecraft:wooden_pickaxe":1},"minecraft:killed_by":{"minecraft:skeleton":1},"minecraft:crafted":{"minecraft:oak_planks":20,"minecraft:stone_shovel":2,"minecraft:crafting_table":2,"minecraft:wooden_pickaxe":2,"minecraft:birch_planks":40,"minecraft:stone_axe":2,"minecraft:oak_boat":1,"minecraft:stick":28,"minecraft:stone_pickaxe":3,"minecraft:stone_sword":2,"minecraft:torch":12},"minecraft:custom":{"minecraft:mob_kills":13,"minecraft:interact_with_crafting_table":9,"minecraft:time_since_death":25737,"minecraft:sleep_in_bed":2,"minecraft:climb_one_cm":1601,"minecraft:time_since_rest":10363,"minecraft:sprint_one_cm":67542,"minecraft:damage_taken":820,"minecraft:walk_one_cm":122400,"minecraft:drop":12,"minecraft:damage_dealt":1384,"minecraft:swim_one_cm":35873,"minecraft:talked_to_villager":9,"minecraft:fly_one_cm":169455,"minecraft:open_chest":7,"minecraft:crouch_one_cm":2418,"minecraft:play_time":36850,"minecraft:deaths":1,"minecraft:sneak_time":886,"minecraft:walk_under_water_one_cm":9900,"minecraft:boat_one_cm":43066,"minecraft:jump":741,"minecraft:interact_with_brewingstand":2,"minecraft:interact_with_blast_furnace":1,"minecraft:walk_on_water_one_cm":12550,"minecraft:total_world_time":36850,"minecraft:fall_one_cm":19221},"minecraft:mined":{"minecraft:light_gray_carpet":1,"minecraft:clay":8,"minecraft:crafting_table":4,"minecraft:granite":7,"minecraft:grass_block":31,"minecraft:melon":11,"minecraft:mushroom_stem":4,"minecraft:brown_mushroom_block":10,"minecraft:copper_ore":3,"minecraft:lapis_ore":6,"minecraft:sugar_cane":5,"minecraft:diorite":9,"minecraft:wall_torch":4,"minecraft:birch_planks":2,"minecraft:birch_log":10,"minecraft:iron_ore":15,"minecraft:fire":4,"minecraft:wheat":1,"minecraft:snow":52,"minecraft:white_carpet":1,"minecraft:birch_leaves":1,"minecraft:pumpkin":3,"minecraft:fletching_table":1,"minecraft:grass":8,"minecraft:oak_log":14,"minecraft:coal_ore":5,"minecraft:gravel":2,"minecraft:dirt":22,"minecraft:packed_ice":18,"minecraft:bamboo":21,"minecraft:stone":139,"minecraft:oak_leaves":5,"minecraft:fern":2},"minecraft:killed":{"minecraft:sheep":6,"minecraft:horse":2,"minecraft:zombie":1,"minecraft:chicken":2,"minecraft:cow":2}},"DataVersion":3465}