{"stats":{"minecraft:picked_up":{"minecraft:birch_log":9,"minecraft:stick":2,"minecraft:crafting_table":1,"minecraft:clay_ball":32,"minecraft:brown_mushroom":1,"minecraft:birch_planks":2,"minecraft:oak_log":4,"minecraft:dirt":7,"minecraft:wheat_seeds":1,"minecraft:bamboo":158,"minecraft:melon_slice":55,"minecraft:cobblestone":21},"minecraft:used":{"minecraft:stone_sword":14,"minecraft:birch_planks":8,"minecraft:melon_slice":14,"minecraft:stone_shovel":9,"minecraft:stone_pickaxe":14,"minecraft:wooden_pickaxe":11,"minecraft:stone_axe":53,"minecraft:dirt":7,"minecraft:crafting_table":2},"minecraft:killed_by":{"minecraft:skeleton":1},"minecraft:crafted":{"minecraft:stone_shovel":1,"minecraft:crafting_table":2,"minecraft:stick":12,"minecraft:wooden_pickaxe":1,"minecraft:stone_pickaxe":1,"minecraft:stone_sword":1,"minecraft:birch_planks":36,"minecraft:stone_axe":1},"minecraft:custom":{"minecraft:time_since_rest":1766,"minecraft:sprint_one_cm":19112,"minecraft:damage_taken":590,"minecraft:walk_one_cm":43054,"minecraft:damage_dealt":95,"minecraft:interact_with_crafting_table":2,"minecraft:swim_one_cm":25462,"minecraft:fly_one_cm":44985,"minecraft:open_chest":1,"minecraft:crouch_one_cm":2313,"minecraft:play_time":12850,"minecraft:deaths":1,"minecraft:sneak_time":803,"minecraft:walk_under_water_one_cm":7524,"minecraft:jump":276,"minecraft:walk_on_water_one_cm":5914,"minecraft:time_since_death":1737,"minecraft:total_world_time":12850,"minecraft:fall_one_cm":9233},"minecraft:mined":{"minecraft:birch_planks":2,"minecraft:birch_log":9,"minecraft:fire":4,"minecraft:birch_leaves":1,"minecraft:clay":8,"minecraft:crafting_table":1,"minecraft:grass":5,"minecraft:grass_block":3,"minecraft:oak_log":4,"minecraft:melon":11,"minecraft:dirt":4,"minecraft:mushroom_stem":4,"minecraft:brown_mushroom_block":10,"minecraft:bamboo":21,"minecraft:stone":22,"minecraft:oak_leaves":5,"minecraft:fern":2}},"DataVersion":3465}