{"stats":{"minecraft:picked_up":{"minecraft:fishing_rod":1,"minecraft:iron_chestplate":2,"minecraft:crafting_table":6,"minecraft:clay_ball":28,"minecraft:oak_stairs":1,"minecraft:brewing_stand":1,"minecraft:oak_trapdoor":1,"minecraft:cornflower":1,"minecraft:raw_copper":17,"minecraft:soul_soil":1,"minecraft:string":5443,"minecraft:iron_axe":1,"minecraft:iron_leggings":2,"minecraft:iron_shovel":4,"minecraft:oak_sign":12,"minecraft:cobbled_deepslate":2,"minecraft:bucket":1,"minecraft:spruce_planks":1,"minecraft:beef":19,"minecraft:oak_boat":1,"minecraft:poppy":4,"minecraft:iron_pickaxe":1,"minecraft:lectern":28,"minecraft:sugar_cane":18,"minecraft:chest":6,"minecraft:egg":2,"minecraft:raw_iron":2,"minecraft:sandstone":3,"minecraft:oak_fence":1,"minecraft:spruce_stairs":3,"minecraft:porkchop":6,"minecraft:pointed_dripstone":4,"minecraft:carrot":64,"minecraft:arrow":4,"minecraft:hay_block":21,"minecraft:white_wool":128,"minecraft:cobblestone":199,"minecraft:oxeye_daisy":1,"minecraft:jungle_boat":5,"minecraft:andesite":14,"minecraft:jungle_log":10,"minecraft:leather":6,"minecraft:potato":2,"minecraft:birch_planks":1,"minecraft:flint":1,"minecraft:oak_log":66,"minecraft:lily_pad":5,"minecraft:yellow_bed":3,"minecraft:gunpowder":6,"minecraft:dirt":353,"minecraft:bone":4,"minecraft:apple":2,"minecraft:kelp":13,"minecraft:stonecutter":2,"minecraft:wheat_seeds":52,"minecraft:bell":3,"minecraft:iron_ingot":12,"minecraft:soul_sand":3,"minecraft:iron_sword":1,"minecraft:oak_planks":55,"minecraft:book":3,"minecraft:oak_slab":3,"minecraft:pumpkin":8,"minecraft:dripstone_block":9,"minecraft:dandelion":12,"minecraft:sand":38,"minecraft:gravel":5,"minecraft:jungle_planks":4,"minecraft:white_bed":2,"minecraft:barrel":12,"minecraft:leather_helmet":2,"minecraft:iron_hoe":1,"minecraft:granite":15,"minecraft:bread":101,"minecraft:emerald":109,"minecraft:oak_button":3,"minecraft:oak_sapling":4,"minecraft:coal":44,"minecraft:ender_pearl":2,"minecraft:hopper":2},"minecraft:broken":{"minecraft:iron_shovel":2,"minecraft:wooden_shovel":2,"minecraft:iron_pickaxe":1},"minecraft:used":{"minecraft:oak_trapdoor":17,"minecraft:iron_shovel":834,"minecraft:flint_and_steel":3,"minecraft:oak_sign":12,"minecraft:chest":10,"minecraft:iron_sword":91,"minecraft:wooden_shovel":142,"minecraft:bell":2,"minecraft:cooked_salmon":6,"minecraft:torch":19,"minecraft:dirt":315,"minecraft:anvil":1,"minecraft:hopper":3,"minecraft:jungle_planks":1,"minecraft:spruce_stairs":1,"minecraft:carrot":87,"minecraft:iron_hoe":139,"minecraft:lava_bucket":12,"minecraft:bookshelf":1,"minecraft:iron_axe":172,"minecraft:barrel":16,"minecraft:tripwire_hook":2,"minecraft:egg":1,"minecraft:potato":18,"minecraft:iron_leggings":1,"minecraft:water_bucket":54,"minecraft:leather_leggings":1,"minecraft:oak_planks":18,"minecraft:composter":2,"minecraft:sandstone":2,"minecraft:cobblestone_slab":20,"minecraft:jungle_boat":5,"minecraft:sand":11,"minecraft:crafting_table":13,"minecraft:oak_slab":3,"minecraft:white_bed":2,"minecraft:shears":1,"minecraft:lever":1,"minecraft:bread":16,"minecraft:oak_button":9,"minecraft:string":4,"minecraft:iron_pickaxe":318,"minecraft:lectern":28,"minecraft:polished_granite":2,"minecraft:gravel":4,"minecraft:cobblestone":70,"minecraft:bucket":67,"minecraft:yellow_bed":3,"minecraft:oak_boat":2,"minecraft:bone_meal":15,"minecraft:experience_bottle":1},"minecraft:dropped":{"minecraft:bread":2,"minecraft:oak_slab":7,"minecraft:birch_planks":1,"minecraft:wheat_seeds":46,"minecraft:oak_fence":1,"minecraft:granite":12,"minecraft:dirt":4,"minecraft:oak_stairs":1,"minecraft:stonecutter":1,"minecraft:iron_shovel":1,"minecraft:paper":1,"minecraft:dandelion":8,"minecraft:soul_soil":1,"minecraft:raw_copper":5,"minecraft:clay_ball":8,"minecraft:oak_sign":7,"minecraft:filled_map":4,"minecraft:poppy":4,"minecraft:sandstone":1,"minecraft:wooden_pickaxe":1,"minecraft:egg":1},"minecraft:killed_by":{"minecraft:iron_golem":2},"minecraft:crafted":{"minecraft:brick":158,"minecraft:oak_planks":264,"minecraft:cobblestone_slab":24,"minecraft:barrel":4,"minecraft:oak_sign":15,"minecraft:fishing_rod":4,"minecraft:tripwire_hook":2,"minecraft:bone_meal":15,"minecraft:lever":1,"minecraft:bookshelf":2,"minecraft:oak_trapdoor":16,"minecraft:flint_and_steel":1,"minecraft:hopper":1,"minecraft:iron_boots":1,"minecraft:iron_axe":1,"minecraft:iron_hoe":1,"minecraft:slime_ball":5,"minecraft:chest":5,"minecraft:oak_button":6,"minecraft:chiseled_stone_bricks":64,"minecraft:wheat":153,"minecraft:oak_slab":36,"minecraft:wooden_shovel":2,"minecraft:emerald":244,"minecraft:crafting_table":7,"minecraft:jungle_boat":1,"minecraft:iron_helmet":1,"minecraft:wooden_pickaxe":1,"minecraft:iron_sword":1,"minecraft:polished_granite":64,"minecraft:bucket":4,"minecraft:enchanted_book":2,"minecraft:jungle_slab":6,"minecraft:bread":51,"minecraft:air":0,"minecraft:jungle_planks":40,"minecraft:blue_dye":1,"minecraft:oak_boat":1,"minecraft:lectern":1,"minecraft:white_wool":192,"minecraft:iron_chestplate":1,"minecraft:stick":76,"minecraft:iron_ingot":1,"minecraft:iron_pickaxe":8,"minecraft:iron_block":3,"minecraft:iron_shovel":4,"minecraft:iron_leggings":1,"minecraft:anvil":1,"minecraft:composter":2,"minecraft:torch":132,"minecraft:shears":1},"minecraft:custom":{"minecraft:interact_with_anvil":2,"minecraft:mob_kills":16,"minecraft:interact_with_crafting_table":59,"minecraft:open_barrel":10,"minecraft:bell_ring":3,"minecraft:time_since_death":50852,"minecraft:climb_one_cm":516,"minecraft:sprint_one_cm":263600,"minecraft:walk_one_cm":440685,"minecraft:drop":40,"minecraft:talked_to_villager":138,"minecraft:play_time":167995,"minecraft:deaths":2,"minecraft:sneak_time":4990,"minecraft:walk_under_water_one_cm":17841,"minecraft:boat_one_cm":486876,"minecraft:jump":2962,"minecraft:walk_on_water_one_cm":34421,"minecraft:total_world_time":167995,"minecraft:traded_with_villager":304,"minecraft:sleep_in_bed":9,"minecraft:time_since_rest":3673,"minecraft:damage_taken":1407,"minecraft:damage_dealt":4013,"minecraft:swim_one_cm":24773,"minecraft:fly_one_cm":795728,"minecraft:open_chest":91,"minecraft:crouch_one_cm":11387,"minecraft:fall_one_cm":75102},"minecraft:mined":{"minecraft:spruce_planks":2,"minecraft:white_bed":2,"minecraft:farmland":3,"minecraft:brewing_stand":1,"minecraft:granite":15,"minecraft:grass_block":232,"minecraft:jungle_planks":5,"minecraft:jungle_log":10,"minecraft:soul_soil":1,"minecraft:hopper":2,"minecraft:oak_wall_sign":2,"minecraft:sandstone":4,"minecraft:hay_block":21,"minecraft:tall_seagrass":1,"minecraft:oak_trapdoor":1,"minecraft:carrots":21,"minecraft:fire":2,"minecraft:iron_ore":2,"minecraft:barrel":12,"minecraft:andesite":14,"minecraft:pumpkin":8,"minecraft:bell":3,"minecraft:bookshelf":1,"minecraft:pointed_dripstone":1,"minecraft:vine":1,"minecraft:dirt_path":12,"minecraft:oak_stairs":1,"minecraft:stone":190,"minecraft:tripwire":2,"minecraft:oak_slab":1,"minecraft:soul_sand":8,"minecraft:dandelion":6,"minecraft:oak_fence":1,"minecraft:clay":7,"minecraft:crafting_table":6,"minecraft:cornflower":1,"minecraft:jungle_stairs":1,"minecraft:chest":6,"minecraft:lectern":27,"minecraft:copper_ore":5,"minecraft:tall_grass":6,"minecraft:cobblestone":18,"minecraft:oak_planks":10,"minecraft:sugar_cane":8,"minecraft:spruce_stairs":3,"minecraft:birch_planks":1,"minecraft:yellow_bed":3,"minecraft:grass":189,"minecraft:coal_ore":44,"minecraft:oak_log":69,"minecraft:dripstone_block":9,"minecraft:gravel":6,"minecraft:sand":40,"minecraft:dirt":85,"minecraft:oak_button":3,"minecraft:stonecutter":1,"minecraft:deepslate":2,"minecraft:oak_leaves":5,"minecraft:suspicious_gravel":1},"minecraft:killed":{"minecraft:spider":3,"minecraft:skeleton":1,"minecraft:pig":2,"minecraft:iron_golem":2,"minecraft:creeper":1,"minecraft:zombie":1,"minecraft:cow":6}},"DataVersion":3465}