{"stats":{"minecraft:picked_up":{"minecraft:iron_chestplate":2,"minecraft:wheat":1,"minecraft:diamond_sword":3,"minecraft:oak_stairs":116,"minecraft:enchanted_book":1,"minecraft:brewing_stand":1,"minecraft:golden_sword":1,"minecraft:string":20781,"minecraft:raw_copper":17,"minecraft:soul_soil":1,"minecraft:cooked_salmon":4,"minecraft:iron_leggings":4,"minecraft:sticky_piston":4,"minecraft:oak_sign":12,"minecraft:gold_nugget":10,"minecraft:cobbled_deepslate":310,"minecraft:bucket":17,"minecraft:spruce_planks":1,"minecraft:redstone_torch":2,"minecraft:iron_pickaxe":1,"minecraft:furnace":1,"minecraft:iron_boots":2,"minecraft:golden_helmet":2,"minecraft:stick":39,"minecraft:composter":42,"minecraft:oak_fence":84,"minecraft:torch":134,"minecraft:porkchop":8,"minecraft:spruce_stairs":3,"minecraft:cherry_log":4,"minecraft:pointed_dripstone":16,"minecraft:rotten_flesh":24,"minecraft:white_terracotta":78,"minecraft:obsidian":64,"minecraft:cobblestone":904,"minecraft:birch_log":26,"minecraft:feather":1,"minecraft:andesite":19,"minecraft:water_bucket":16,"minecraft:jungle_log":10,"minecraft:potato":16,"minecraft:flint":1,"minecraft:tuff":38,"minecraft:dirt":2503,"minecraft:bone":14,"minecraft:stonecutter":2,"minecraft:bow":1,"minecraft:wheat_seeds":110,"minecraft:raw_gold":8,"minecraft:bell":3,"minecraft:powered_rail":190,"minecraft:oak_planks":327,"minecraft:jungle_planks":4,"minecraft:sand":78,"minecraft:loom":1,"minecraft:barrel":33,"minecraft:mossy_cobblestone":12,"minecraft:iron_hoe":1,"minecraft:dispenser":1,"minecraft:diamond":55,"minecraft:lever":219,"minecraft:granite":15,"minecraft:emerald":216,"minecraft:bread":133,"minecraft:oak_sapling":19,"minecraft:netherrack":120,"minecraft:diamond_pickaxe":7,"minecraft:fishing_rod":5,"minecraft:crafting_table":6,"minecraft:clay_ball":44,"minecraft:cornflower":2,"minecraft:oak_trapdoor":22,"minecraft:iron_axe":1,"minecraft:white_carpet":3,"minecraft:iron_shovel":4,"minecraft:glass_pane":118,"minecraft:detector_rail":3,"minecraft:beef":30,"minecraft:oak_boat":17,"minecraft:poppy":9,"minecraft:minecart":35,"minecraft:lectern":99,"minecraft:chest":8,"minecraft:sugar_cane":20,"minecraft:birch_sapling":1,"minecraft:egg":7,"minecraft:raw_iron":2,"minecraft:sandstone":3,"minecraft:oak_door":4,"minecraft:carrot":234,"minecraft:redstone":135,"minecraft:arrow":21,"minecraft:diamond_chestplate":3,"minecraft:hay_block":21,"minecraft:gold_ingot":17,"minecraft:rail":188,"minecraft:white_wool":234,"minecraft:oxeye_daisy":5,"minecraft:stripped_oak_log":16,"minecraft:jungle_boat":5,"minecraft:basalt":3,"minecraft:leather":13,"minecraft:birch_planks":1,"minecraft:oak_log":345,"minecraft:lily_pad":5,"minecraft:yellow_bed":5,"minecraft:gunpowder":7,"minecraft:cobblestone_stairs":2,"minecraft:apple":11,"minecraft:kelp":13,"minecraft:iron_ingot":72,"minecraft:cooked_chicken":1,"minecraft:iron_sword":1,"minecraft:soul_sand":7,"minecraft:book":22,"minecraft:oak_slab":3,"minecraft:pumpkin":12,"minecraft:chiseled_stone_bricks":22,"minecraft:red_wool":77,"minecraft:dandelion":23,"minecraft:dripstone_block":18,"minecraft:gravel":5,"minecraft:white_bed":5,"minecraft:spider_eye":3,"minecraft:leather_helmet":2,"minecraft:diamond_shovel":4,"minecraft:slime_ball":6,"minecraft:iron_helmet":3,"minecraft:diamond_axe":4,"minecraft:oak_button":3,"minecraft:terracotta":2,"minecraft:coal":48,"minecraft:hopper":2,"minecraft:ender_pearl":2},"minecraft:broken":{"minecraft:iron_shovel":2,"minecraft:wooden_shovel":2,"minecraft:iron_pickaxe":1},"minecraft:used":{"minecraft:iron_shovel":836,"minecraft:dispenser":2,"minecraft:oak_sign":13,"minecraft:ladder":2,"minecraft:chest":21,"minecraft:iron_sword":105,"minecraft:bell":2,"minecraft:rotten_flesh":6,"minecraft:jungle_planks":1,"minecraft:carrot":215,"minecraft:obsidian":15,"minecraft:glass":10,"minecraft:lava_bucket":12,"minecraft:red_wool":9,"minecraft:lantern":2,"minecraft:bow":13,"minecraft:oak_sapling":6,"minecraft:furnace":3,"minecraft:egg":1,"minecraft:potato":20,"minecraft:leather_leggings":1,"minecraft:powered_rail":328,"minecraft:oak_planks":87,"minecraft:ender_pearl":1,"minecraft:sandstone":2,"minecraft:composter":42,"minecraft:diamond_axe":860,"minecraft:jungle_boat":5,"minecraft:sand":11,"minecraft:loom":2,"minecraft:shears":1,"minecraft:redstone_torch":8,"minecraft:sticky_piston":14,"minecraft:lever":59,"minecraft:string":6,"minecraft:bread":77,"minecraft:lectern":103,"minecraft:polished_granite":2,"minecraft:deepslate":1,"minecraft:gravel":4,"minecraft:diamond_sword":257,"minecraft:oak_boat":17,"minecraft:oak_fence":48,"minecraft:oak_trapdoor":50,"minecraft:bone_meal":15,"minecraft:experience_bottle":1,"minecraft:flint_and_steel":4,"minecraft:redstone":10,"minecraft:wooden_shovel":142,"minecraft:cooked_salmon":10,"minecraft:cooked_chicken":1,"minecraft:netherrack":44,"minecraft:torch":101,"minecraft:dirt":1340,"minecraft:anvil":1,"minecraft:hopper":3,"minecraft:spruce_stairs":1,"minecraft:iron_hoe":139,"minecraft:bookshelf":7,"minecraft:iron_axe":179,"minecraft:oak_stairs":2,"minecraft:barrel":41,"minecraft:diamond_chestplate":2,"minecraft:tripwire_hook":2,"minecraft:beef":17,"minecraft:minecart":23,"minecraft:cobbled_deepslate":30,"minecraft:pointed_dripstone":3,"minecraft:iron_leggings":1,"minecraft:water_bucket":404,"minecraft:cobblestone_slab":56,"minecraft:mossy_cobblestone":1,"minecraft:rail":91,"minecraft:oak_slab":3,"minecraft:crafting_table":17,"minecraft:white_bed":5,"minecraft:wooden_hoe":2,"minecraft:diamond_pickaxe":1432,"minecraft:apple":6,"minecraft:diamond_shovel":2230,"minecraft:oak_button":10,"minecraft:iron_pickaxe":473,"minecraft:detector_rail":41,"minecraft:chiseled_stone_bricks":85,"minecraft:cobblestone":226,"minecraft:porkchop":2,"minecraft:red_banner":4,"minecraft:bucket":422,"minecraft:glass_pane":121,"minecraft:yellow_bed":4},"minecraft:dropped":{"minecraft:iron_sword":1,"minecraft:birch_planks":1,"minecraft:diamond_axe":1,"minecraft:oak_log":26,"minecraft:diamond":14,"minecraft:leather":5,"minecraft:rail":62,"minecraft:cobblestone_stairs":1,"minecraft:emerald":64,"minecraft:dirt":102,"minecraft:cornflower":1,"minecraft:fishing_rod":2,"minecraft:bone":2,"minecraft:oak_door":2,"minecraft:lever":233,"minecraft:obsidian":6,"minecraft:rotten_flesh":9,"minecraft:diamond_shovel":2,"minecraft:carrot":1,"minecraft:poppy":9,"minecraft:powered_rail":103,"minecraft:lectern":1,"minecraft:egg":1,"minecraft:enchanted_book":2,"minecraft:water_bucket":1,"minecraft:iron_ingot":111,"minecraft:bread":2,"minecraft:oak_slab":7,"minecraft:wheat_seeds":74,"minecraft:mossy_cobblestone":1,"minecraft:minecart":2,"minecraft:oak_fence":1,"minecraft:cobblestone":99,"minecraft:granite":12,"minecraft:stick":4,"minecraft:oxeye_daisy":3,"minecraft:torch":2,"minecraft:wooden_hoe":1,"minecraft:oak_stairs":1,"minecraft:stonecutter":1,"minecraft:iron_shovel":1,"minecraft:paper":1,"minecraft:string":590,"minecraft:dandelion":18,"minecraft:soul_soil":1,"minecraft:raw_copper":5,"minecraft:clay_ball":8,"minecraft:oak_sign":7,"minecraft:flint_and_steel":1,"minecraft:filled_map":4,"minecraft:diamond_pickaxe":4,"minecraft:andesite":5,"minecraft:oak_boat":1,"minecraft:oak_sapling":2,"minecraft:sandstone":1,"minecraft:wooden_pickaxe":1},"minecraft:killed_by":{"minecraft:zombified_piglin":1,"minecraft:creeper":1,"minecraft:player":2,"minecraft:iron_golem":3},"minecraft:crafted":{"minecraft:brick":158,"minecraft:oak_planks":920,"minecraft:barrel":8,"minecraft:cobblestone_slab":60,"minecraft:oak_sign":18,"minecraft:lever":258,"minecraft:diamond_shovel":2,"minecraft:bookshelf":17,"minecraft:glass":100,"minecraft:hopper":1,"minecraft:bow":2,"minecraft:iron_boots":1,"minecraft:chest":14,"minecraft:oak_button":7,"minecraft:chiseled_stone_bricks":64,"minecraft:rail":32,"minecraft:oak_fence":48,"minecraft:golden_boots":1,"minecraft:oak_slab":84,"minecraft:deepslate":79,"minecraft:wooden_shovel":2,"minecraft:emerald":863,"minecraft:diamond_axe":2,"minecraft:crafting_table":11,"minecraft:jungle_boat":1,"minecraft:wooden_pickaxe":1,"minecraft:iron_helmet":1,"minecraft:red_wool":86,"minecraft:sticky_piston":11,"minecraft:birch_planks":36,"minecraft:dispenser":1,"minecraft:lectern":8,"minecraft:wooden_hoe":2,"minecraft:iron_chestplate":1,"minecraft:book":4,"minecraft:diamond_pickaxe":2,"minecraft:stick":486,"minecraft:iron_ingot":1,"minecraft:iron_pickaxe":8,"minecraft:iron_block":3,"minecraft:gold_ingot":8,"minecraft:redstone_torch":6,"minecraft:composter":2,"minecraft:shears":1,"minecraft:cherry_planks":12,"minecraft:fishing_rod":4,"minecraft:tripwire_hook":2,"minecraft:furnace":2,"minecraft:red_banner":12,"minecraft:piston":30,"minecraft:bone_meal":15,"minecraft:glass_pane":192,"minecraft:oak_trapdoor":66,"minecraft:flint_and_steel":1,"minecraft:lantern":12,"minecraft:iron_axe":1,"minecraft:ladder":6,"minecraft:iron_hoe":1,"minecraft:slime_ball":5,"minecraft:minecart":2,"minecraft:wheat":189,"minecraft:red_dye":86,"minecraft:diamond_sword":1,"minecraft:enchanting_table":1,"minecraft:powered_rail":6,"minecraft:iron_sword":1,"minecraft:polished_granite":64,"minecraft:bucket":30,"minecraft:enchanted_book":17,"minecraft:jungle_slab":6,"minecraft:air":0,"minecraft:bread":63,"minecraft:jungle_planks":40,"minecraft:blue_dye":1,"minecraft:oak_boat":2,"minecraft:white_wool":320,"minecraft:oak_stairs":4,"minecraft:iron_shovel":4,"minecraft:iron_leggings":1,"minecraft:anvil":1,"minecraft:torch":140,"minecraft:diamond_chestplate":1},"minecraft:custom":{"minecraft:interact_with_crafting_table":153,"minecraft:open_barrel":14,"minecraft:bell_ring":25,"minecraft:leave_game":3,"minecraft:time_since_death":205769,"minecraft:sprint_one_cm":937917,"minecraft:drop":158,"minecraft:talked_to_villager":415,"minecraft:play_time":579048,"minecraft:deaths":8,"minecraft:jump":14348,"minecraft:walk_on_water_one_cm":149019,"minecraft:interact_with_furnace":31,"minecraft:traded_with_villager":980,"minecraft:interact_with_loom":3,"minecraft:sleep_in_bed":30,"minecraft:damage_dealt":17706,"minecraft:crouch_one_cm":55252,"minecraft:interact_with_smithing_table":1,"minecraft:inspect_dispenser":9,"minecraft:interact_with_anvil":19,"minecraft:mob_kills":84,"minecraft:inspect_hopper":3,"minecraft:climb_one_cm":3357,"minecraft:walk_one_cm":1887288,"minecraft:sneak_time":16899,"minecraft:walk_under_water_one_cm":32772,"minecraft:boat_one_cm":850518,"minecraft:total_world_time":579048,"minecraft:time_since_rest":679,"minecraft:damage_taken":6445,"minecraft:minecart_one_cm":270080,"minecraft:swim_one_cm":91059,"minecraft:fly_one_cm":2881891,"minecraft:open_chest":498,"minecraft:fall_one_cm":255715},"minecraft:mined":{"minecraft:spruce_planks":2,"minecraft:white_bed":5,"minecraft:farmland":3,"minecraft:cherry_log":3,"minecraft:cobblestone_stairs":2,"minecraft:brewing_stand":1,"minecraft:obsidian":43,"minecraft:granite":15,"minecraft:grass_block":1175,"minecraft:jungle_log":10,"minecraft:soul_soil":1,"minecraft:composter":41,"minecraft:hopper":2,"minecraft:oak_wall_sign":2,"minecraft:oxeye_daisy":4,"minecraft:chiseled_stone_bricks":21,"minecraft:tall_seagrass":4,"minecraft:cobbled_deepslate":2,"minecraft:fire":2,"minecraft:iron_ore":2,"minecraft:sticky_piston":4,"minecraft:barrel":33,"minecraft:pumpkin":12,"minecraft:pointed_dripstone":5,"minecraft:dirt_path":139,"minecraft:oak_stairs":116,"minecraft:tripwire":5,"minecraft:deepslate_redstone_ore":23,"minecraft:clay":11,"minecraft:torch":2,"minecraft:jungle_stairs":1,"minecraft:chest":8,"minecraft:cobblestone":104,"minecraft:sugar_cane":8,"minecraft:oak_planks":173,"minecraft:wall_torch":6,"minecraft:seagrass":1,"minecraft:white_terracotta":78,"minecraft:powered_rail":46,"minecraft:birch_log":25,"minecraft:wheat":3,"minecraft:grass":458,"minecraft:oak_log":285,"minecraft:loom":1,"minecraft:sand":84,"minecraft:dirt":1194,"minecraft:dispenser":1,"minecraft:stonecutter":1,"minecraft:netherrack":123,"minecraft:oak_leaves":46,"minecraft:deepslate":315,"minecraft:suspicious_gravel":1,"minecraft:nether_gold_ore":2,"minecraft:diamond_ore":4,"minecraft:tuff":40,"minecraft:mossy_cobblestone":11,"minecraft:deepslate_diamond_ore":36,"minecraft:oak_door":2,"minecraft:lever":9,"minecraft:jungle_planks":5,"minecraft:sandstone":4,"minecraft:hay_block":21,"minecraft:oak_trapdoor":24,"minecraft:furnace":1,"minecraft:carrots":75,"minecraft:andesite":19,"minecraft:detector_rail":3,"minecraft:bell":3,"minecraft:bookshelf":7,"minecraft:potatoes":1,"minecraft:vine":1,"minecraft:rail":55,"minecraft:stripped_oak_log":16,"minecraft:stone":813,"minecraft:redstone_wall_torch":2,"minecraft:oak_slab":1,"minecraft:glass_pane":22,"minecraft:soul_sand":12,"minecraft:basalt":3,"minecraft:dandelion":14,"minecraft:oak_fence":86,"minecraft:crafting_table":6,"minecraft:cornflower":4,"minecraft:lectern":98,"minecraft:tall_grass":63,"minecraft:copper_ore":18,"minecraft:deepslate_gold_ore":8,"minecraft:spruce_stairs":3,"minecraft:birch_planks":1,"minecraft:yellow_bed":5,"minecraft:coal_ore":46,"minecraft:gravel":6,"minecraft:dripstone_block":9,"minecraft:cobweb":1,"minecraft:terracotta":2,"minecraft:oak_button":3},"minecraft:killed":{"minecraft:cave_spider":1,"minecraft:spider":12,"minecraft:skeleton":10,"minecraft:chicken":1,"minecraft:pig":3,"minecraft:salmon":4,"minecraft:iron_golem":6,"minecraft:creeper":2,"minecraft:pillager":1,"minecraft:zombie":20,"minecraft:cow":10,"minecraft:villager":6}},"DataVersion":3465}