{"stats":{"minecraft:picked_up":{"minecraft:fishing_rod":1,"minecraft:crafting_table":6,"minecraft:iron_chestplate":2,"minecraft:clay_ball":28,"minecraft:oak_stairs":1,"minecraft:brewing_stand":1,"minecraft:cornflower":1,"minecraft:string":8809,"minecraft:oak_trapdoor":1,"minecraft:raw_copper":17,"minecraft:soul_soil":1,"minecraft:iron_axe":1,"minecraft:iron_leggings":2,"minecraft:iron_shovel":4,"minecraft:oak_sign":12,"minecraft:cobbled_deepslate":214,"minecraft:bucket":1,"minecraft:spruce_planks":1,"minecraft:beef":19,"minecraft:oak_boat":5,"minecraft:poppy":4,"minecraft:iron_pickaxe":1,"minecraft:lectern":28,"minecraft:sugar_cane":20,"minecraft:chest":7,"minecraft:furnace":1,"minecraft:egg":4,"minecraft:raw_iron":2,"minecraft:sandstone":3,"minecraft:oak_fence":1,"minecraft:spruce_stairs":3,"minecraft:porkchop":6,"minecraft:pointed_dripstone":10,"minecraft:carrot":96,"minecraft:redstone":13,"minecraft:rotten_flesh":7,"minecraft:arrow":6,"minecraft:hay_block":21,"minecraft:rail":1,"minecraft:white_wool":128,"minecraft:cobblestone":574,"minecraft:oxeye_daisy":1,"minecraft:jungle_boat":5,"minecraft:water_bucket":3,"minecraft:andesite":14,"minecraft:jungle_log":10,"minecraft:leather":6,"minecraft:potato":2,"minecraft:birch_planks":1,"minecraft:flint":1,"minecraft:tuff":28,"minecraft:oak_log":82,"minecraft:lily_pad":5,"minecraft:yellow_bed":3,"minecraft:gunpowder":6,"minecraft:dirt":589,"minecraft:bone":6,"minecraft:apple":2,"minecraft:kelp":13,"minecraft:stonecutter":2,"minecraft:wheat_seeds":58,"minecraft:raw_gold":8,"minecraft:bell":3,"minecraft:iron_ingot":12,"minecraft:iron_sword":1,"minecraft:oak_planks":61,"minecraft:soul_sand":3,"minecraft:book":6,"minecraft:oak_slab":3,"minecraft:pumpkin":8,"minecraft:dandelion":12,"minecraft:dripstone_block":9,"minecraft:gravel":5,"minecraft:sand":78,"minecraft:jungle_planks":4,"minecraft:white_bed":2,"minecraft:spider_eye":1,"minecraft:barrel":12,"minecraft:leather_helmet":2,"minecraft:iron_hoe":1,"minecraft:diamond":30,"minecraft:granite":15,"minecraft:bread":101,"minecraft:emerald":109,"minecraft:oak_button":3,"minecraft:oak_sapling":4,"minecraft:coal":44,"minecraft:hopper":2,"minecraft:ender_pearl":2},"minecraft:broken":{"minecraft:iron_shovel":2,"minecraft:wooden_shovel":2,"minecraft:iron_pickaxe":1},"minecraft:used":{"minecraft:oak_trapdoor":17,"minecraft:iron_shovel":835,"minecraft:flint_and_steel":3,"minecraft:oak_sign":12,"minecraft:chest":13,"minecraft:iron_sword":102,"minecraft:cooked_salmon":6,"minecraft:wooden_shovel":142,"minecraft:bell":2,"minecraft:torch":32,"minecraft:dirt":322,"minecraft:anvil":1,"minecraft:spruce_stairs":1,"minecraft:hopper":3,"minecraft:jungle_planks":1,"minecraft:carrot":104,"minecraft:iron_hoe":139,"minecraft:lava_bucket":12,"minecraft:bookshelf":2,"minecraft:lantern":2,"minecraft:oak_stairs":2,"minecraft:iron_axe":177,"minecraft:barrel":16,"minecraft:diamond_chestplate":1,"minecraft:tripwire_hook":2,"minecraft:oak_sapling":2,"minecraft:furnace":2,"minecraft:egg":1,"minecraft:potato":18,"minecraft:cobbled_deepslate":20,"minecraft:iron_leggings":1,"minecraft:water_bucket":190,"minecraft:leather_leggings":1,"minecraft:oak_planks":38,"minecraft:composter":2,"minecraft:sandstone":2,"minecraft:diamond_axe":21,"minecraft:cobblestone_slab":20,"minecraft:jungle_boat":5,"minecraft:sand":11,"minecraft:oak_slab":3,"minecraft:crafting_table":14,"minecraft:white_bed":2,"minecraft:shears":1,"minecraft:lever":1,"minecraft:diamond_pickaxe":686,"minecraft:diamond_shovel":492,"minecraft:iron_pickaxe":340,"minecraft:string":4,"minecraft:bread":30,"minecraft:oak_button":9,"minecraft:lectern":28,"minecraft:polished_granite":2,"minecraft:gravel":4,"minecraft:diamond_sword":34,"minecraft:cobblestone":123,"minecraft:bucket":214,"minecraft:glass_pane":113,"minecraft:oak_boat":7,"minecraft:yellow_bed":3,"minecraft:bone_meal":15,"minecraft:experience_bottle":1},"minecraft:dropped":{"minecraft:bread":2,"minecraft:oak_slab":7,"minecraft:birch_planks":1,"minecraft:wheat_seeds":51,"minecraft:oak_fence":1,"minecraft:cobblestone":6,"minecraft:granite":12,"minecraft:dirt":4,"minecraft:oak_stairs":1,"minecraft:stonecutter":1,"minecraft:iron_shovel":1,"minecraft:paper":1,"minecraft:string":130,"minecraft:dandelion":8,"minecraft:soul_soil":1,"minecraft:raw_copper":5,"minecraft:rotten_flesh":4,"minecraft:clay_ball":8,"minecraft:oak_sign":7,"minecraft:filled_map":4,"minecraft:poppy":4,"minecraft:sandstone":1,"minecraft:wooden_pickaxe":1,"minecraft:egg":1},"minecraft:killed_by":{"minecraft:iron_golem":2},"minecraft:crafted":{"minecraft:brick":158,"minecraft:oak_planks":328,"minecraft:cobblestone_slab":24,"minecraft:barrel":4,"minecraft:oak_sign":15,"minecraft:fishing_rod":4,"minecraft:tripwire_hook":2,"minecraft:furnace":1,"minecraft:diamond_shovel":1,"minecraft:bone_meal":15,"minecraft:lever":1,"minecraft:bookshelf":6,"minecraft:glass_pane":192,"minecraft:oak_trapdoor":16,"minecraft:flint_and_steel":1,"minecraft:lantern":12,"minecraft:glass":86,"minecraft:hopper":1,"minecraft:iron_boots":1,"minecraft:iron_axe":1,"minecraft:iron_hoe":1,"minecraft:slime_ball":5,"minecraft:chest":7,"minecraft:oak_button":6,"minecraft:chiseled_stone_bricks":64,"minecraft:wheat":153,"minecraft:oak_slab":36,"minecraft:wooden_shovel":2,"minecraft:diamond_sword":1,"minecraft:emerald":365,"minecraft:diamond_axe":1,"minecraft:crafting_table":8,"minecraft:jungle_boat":1,"minecraft:wooden_pickaxe":1,"minecraft:iron_helmet":1,"minecraft:iron_sword":1,"minecraft:polished_granite":64,"minecraft:bucket":30,"minecraft:enchanted_book":8,"minecraft:jungle_slab":6,"minecraft:air":0,"minecraft:bread":51,"minecraft:jungle_planks":40,"minecraft:blue_dye":1,"minecraft:oak_boat":2,"minecraft:lectern":1,"minecraft:book":4,"minecraft:white_wool":192,"minecraft:iron_chestplate":1,"minecraft:diamond_pickaxe":1,"minecraft:stick":84,"minecraft:iron_ingot":1,"minecraft:iron_pickaxe":8,"minecraft:oak_stairs":4,"minecraft:iron_block":3,"minecraft:iron_shovel":4,"minecraft:iron_leggings":1,"minecraft:anvil":1,"minecraft:composter":2,"minecraft:torch":132,"minecraft:shears":1,"minecraft:diamond_chestplate":1},"minecraft:custom":{"minecraft:interact_with_anvil":10,"minecraft:mob_kills":27,"minecraft:interact_with_crafting_table":81,"minecraft:open_barrel":10,"minecraft:bell_ring":3,"minecraft:time_since_death":110408,"minecraft:climb_one_cm":516,"minecraft:sprint_one_cm":346801,"minecraft:walk_one_cm":592046,"minecraft:drop":50,"minecraft:talked_to_villager":170,"minecraft:play_time":227551,"minecraft:deaths":2,"minecraft:sneak_time":7570,"minecraft:walk_under_water_one_cm":20437,"minecraft:boat_one_cm":551179,"minecraft:jump":4194,"minecraft:walk_on_water_one_cm":89509,"minecraft:total_world_time":227551,"minecraft:interact_with_furnace":6,"minecraft:traded_with_villager":462,"minecraft:sleep_in_bed":15,"minecraft:time_since_rest":5858,"minecraft:damage_taken":1907,"minecraft:damage_dealt":5920,"minecraft:swim_one_cm":27862,"minecraft:fly_one_cm":1076661,"minecraft:open_chest":160,"minecraft:crouch_one_cm":20043,"minecraft:fall_one_cm":104279},"minecraft:mined":{"minecraft:diamond_ore":4,"minecraft:tuff":28,"minecraft:spruce_planks":2,"minecraft:white_bed":2,"minecraft:farmland":3,"minecraft:deepslate_diamond_ore":26,"minecraft:brewing_stand":1,"minecraft:granite":15,"minecraft:grass_block":350,"minecraft:jungle_planks":5,"minecraft:jungle_log":10,"minecraft:soul_soil":1,"minecraft:hopper":2,"minecraft:sandstone":4,"minecraft:oak_wall_sign":2,"minecraft:hay_block":21,"minecraft:tall_seagrass":2,"minecraft:oak_trapdoor":1,"minecraft:furnace":1,"minecraft:carrots":35,"minecraft:iron_ore":2,"minecraft:cobbled_deepslate":1,"minecraft:fire":2,"minecraft:barrel":12,"minecraft:andesite":14,"minecraft:pumpkin":8,"minecraft:bell":3,"minecraft:bookshelf":2,"minecraft:pointed_dripstone":2,"minecraft:dirt_path":13,"minecraft:vine":1,"minecraft:oak_stairs":1,"minecraft:stone":600,"minecraft:tripwire":2,"minecraft:deepslate_redstone_ore":3,"minecraft:oak_slab":1,"minecraft:glass_pane":9,"minecraft:soul_sand":8,"minecraft:dandelion":6,"minecraft:clay":7,"minecraft:oak_fence":1,"minecraft:cornflower":1,"minecraft:crafting_table":6,"minecraft:jungle_stairs":1,"minecraft:chest":7,"minecraft:lectern":27,"minecraft:copper_ore":7,"minecraft:tall_grass":6,"minecraft:cobblestone":20,"minecraft:deepslate_gold_ore":8,"minecraft:oak_planks":17,"minecraft:sugar_cane":8,"minecraft:seagrass":1,"minecraft:spruce_stairs":3,"minecraft:birch_planks":1,"minecraft:yellow_bed":3,"minecraft:grass":210,"minecraft:oak_log":85,"minecraft:coal_ore":44,"minecraft:gravel":6,"minecraft:dirt":406,"minecraft:sand":84,"minecraft:dripstone_block":9,"minecraft:oak_button":3,"minecraft:stonecutter":1,"minecraft:oak_leaves":5,"minecraft:deepslate":220,"minecraft:suspicious_gravel":1},"minecraft:killed":{"minecraft:cave_spider":1,"minecraft:spider":6,"minecraft:skeleton":2,"minecraft:pig":2,"minecraft:iron_golem":2,"minecraft:creeper":1,"minecraft:zombie":5,"minecraft:villager":1,"minecraft:cow":6}},"DataVersion":3465}