{"stats":{"minecraft:picked_up":{"minecraft:fishing_rod":1,"minecraft:iron_chestplate":2,"minecraft:crafting_table":6,"minecraft:clay_ball":28,"minecraft:oak_stairs":1,"minecraft:string":3131,"minecraft:iron_axe":1,"minecraft:iron_leggings":2,"minecraft:iron_shovel":4,"minecraft:oak_sign":12,"minecraft:bucket":1,"minecraft:spruce_planks":1,"minecraft:beef":19,"minecraft:oak_boat":1,"minecraft:poppy":2,"minecraft:iron_pickaxe":1,"minecraft:lectern":9,"minecraft:sugar_cane":18,"minecraft:chest":6,"minecraft:egg":1,"minecraft:sandstone":3,"minecraft:oak_fence":1,"minecraft:spruce_stairs":3,"minecraft:porkchop":6,"minecraft:carrot":16,"minecraft:arrow":4,"minecraft:hay_block":21,"minecraft:white_wool":128,"minecraft:cobblestone":70,"minecraft:jungle_boat":5,"minecraft:jungle_log":10,"minecraft:leather":6,"minecraft:potato":2,"minecraft:birch_planks":1,"minecraft:oak_log":44,"minecraft:lily_pad":5,"minecraft:yellow_bed":3,"minecraft:gunpowder":6,"minecraft:dirt":239,"minecraft:bone":4,"minecraft:apple":1,"minecraft:kelp":13,"minecraft:stonecutter":2,"minecraft:wheat_seeds":29,"minecraft:bell":3,"minecraft:iron_ingot":9,"minecraft:iron_sword":1,"minecraft:oak_planks":49,"minecraft:oak_slab":2,"minecraft:pumpkin":8,"minecraft:dandelion":8,"minecraft:sand":38,"minecraft:gravel":1,"minecraft:jungle_planks":4,"minecraft:white_bed":2,"minecraft:barrel":12,"minecraft:leather_helmet":2,"minecraft:iron_hoe":1,"minecraft:bread":100,"minecraft:emerald":109,"minecraft:oak_button":3,"minecraft:oak_sapling":4,"minecraft:ender_pearl":2,"minecraft:hopper":2},"minecraft:broken":{"minecraft:iron_shovel":2,"minecraft:wooden_shovel":2},"minecraft:used":{"minecraft:oak_trapdoor":2,"minecraft:iron_shovel":699,"minecraft:oak_sign":12,"minecraft:chest":10,"minecraft:iron_sword":73,"minecraft:wooden_shovel":142,"minecraft:bell":2,"minecraft:cooked_salmon":6,"minecraft:torch":3,"minecraft:dirt":207,"minecraft:hopper":3,"minecraft:jungle_planks":1,"minecraft:spruce_stairs":1,"minecraft:carrot":38,"minecraft:iron_hoe":49,"minecraft:lava_bucket":1,"minecraft:iron_axe":119,"minecraft:barrel":16,"minecraft:tripwire_hook":2,"minecraft:iron_leggings":1,"minecraft:water_bucket":8,"minecraft:leather_leggings":1,"minecraft:oak_planks":2,"minecraft:sandstone":2,"minecraft:jungle_boat":5,"minecraft:sand":11,"minecraft:crafting_table":11,"minecraft:oak_slab":3,"minecraft:white_bed":2,"minecraft:shears":1,"minecraft:lever":1,"minecraft:bread":9,"minecraft:oak_button":9,"minecraft:string":4,"minecraft:iron_pickaxe":91,"minecraft:lectern":8,"minecraft:cobblestone":40,"minecraft:bucket":9,"minecraft:yellow_bed":3,"minecraft:oak_boat":2,"minecraft:experience_bottle":1},"minecraft:dropped":{"minecraft:oak_slab":6,"minecraft:birch_planks":1,"minecraft:wheat_seeds":23,"minecraft:oak_fence":1,"minecraft:dirt":1,"minecraft:oak_stairs":1,"minecraft:stonecutter":1,"minecraft:iron_shovel":1,"minecraft:paper":1,"minecraft:dandelion":8,"minecraft:clay_ball":8,"minecraft:oak_sign":7,"minecraft:filled_map":4,"minecraft:poppy":4,"minecraft:sandstone":1,"minecraft:wooden_pickaxe":1,"minecraft:egg":1},"minecraft:killed_by":{"minecraft:iron_golem":2},"minecraft:crafted":{"minecraft:brick":158,"minecraft:oak_planks":176,"minecraft:barrel":4,"minecraft:oak_sign":15,"minecraft:fishing_rod":3,"minecraft:tripwire_hook":2,"minecraft:lever":1,"minecraft:bookshelf":1,"minecraft:oak_trapdoor":2,"minecraft:hopper":1,"minecraft:iron_axe":1,"minecraft:iron_hoe":1,"minecraft:slime_ball":5,"minecraft:chest":5,"minecraft:oak_button":6,"minecraft:wheat":153,"minecraft:oak_slab":18,"minecraft:wooden_shovel":2,"minecraft:emerald":122,"minecraft:crafting_table":5,"minecraft:jungle_boat":1,"minecraft:wooden_pickaxe":1,"minecraft:iron_sword":1,"minecraft:bucket":1,"minecraft:jungle_slab":6,"minecraft:bread":51,"minecraft:air":0,"minecraft:jungle_planks":40,"minecraft:oak_boat":1,"minecraft:lectern":1,"minecraft:white_wool":192,"minecraft:iron_chestplate":1,"minecraft:stick":32,"minecraft:iron_ingot":1,"minecraft:iron_pickaxe":1,"minecraft:iron_shovel":4,"minecraft:iron_leggings":1,"minecraft:torch":4,"minecraft:shears":1},"minecraft:custom":{"minecraft:mob_kills":15,"minecraft:interact_with_crafting_table":38,"minecraft:open_barrel":8,"minecraft:bell_ring":3,"minecraft:time_since_death":2852,"minecraft:climb_one_cm":516,"minecraft:sprint_one_cm":192855,"minecraft:walk_one_cm":291346,"minecraft:drop":30,"minecraft:talked_to_villager":73,"minecraft:play_time":119995,"minecraft:deaths":2,"minecraft:sneak_time":3013,"minecraft:walk_under_water_one_cm":17486,"minecraft:boat_one_cm":486876,"minecraft:jump":1988,"minecraft:walk_on_water_one_cm":22875,"minecraft:total_world_time":119995,"minecraft:traded_with_villager":146,"minecraft:sleep_in_bed":5,"minecraft:time_since_rest":2890,"minecraft:damage_taken":1193,"minecraft:damage_dealt":3101,"minecraft:swim_one_cm":24773,"minecraft:fly_one_cm":557344,"minecraft:open_chest":62,"minecraft:crouch_one_cm":6813,"minecraft:fall_one_cm":48266},"minecraft:mined":{"minecraft:spruce_planks":2,"minecraft:white_bed":2,"minecraft:farmland":2,"minecraft:grass_block":152,"minecraft:jungle_planks":5,"minecraft:jungle_log":10,"minecraft:hopper":2,"minecraft:oak_wall_sign":2,"minecraft:sandstone":4,"minecraft:hay_block":21,"minecraft:tall_seagrass":1,"minecraft:carrots":7,"minecraft:barrel":12,"minecraft:pumpkin":8,"minecraft:bell":3,"minecraft:vine":1,"minecraft:dirt_path":12,"minecraft:oak_stairs":1,"minecraft:stone":63,"minecraft:tripwire":2,"minecraft:oak_slab":1,"minecraft:dandelion":6,"minecraft:oak_fence":1,"minecraft:clay":7,"minecraft:crafting_table":6,"minecraft:jungle_stairs":1,"minecraft:chest":6,"minecraft:lectern":8,"minecraft:tall_grass":6,"minecraft:cobblestone":15,"minecraft:oak_planks":4,"minecraft:sugar_cane":8,"minecraft:spruce_stairs":3,"minecraft:birch_planks":1,"minecraft:yellow_bed":3,"minecraft:grass":149,"minecraft:oak_log":46,"minecraft:gravel":1,"minecraft:sand":40,"minecraft:dirt":45,"minecraft:oak_button":3,"minecraft:stonecutter":1,"minecraft:oak_leaves":4,"minecraft:suspicious_gravel":1},"minecraft:killed":{"minecraft:spider":3,"minecraft:skeleton":1,"minecraft:pig":2,"minecraft:iron_golem":1,"minecraft:creeper":1,"minecraft:zombie":1,"minecraft:cow":6}},"DataVersion":3465}