{"stats":{"minecraft:picked_up":{"minecraft:leather_chestplate":1,"minecraft:wheat":3,"minecraft:jungle_boat":2,"minecraft:jungle_log":3,"minecraft:yellow_wool":1,"minecraft:leather":8,"minecraft:oak_stairs":1,"minecraft:potato":8,"minecraft:oak_log":113,"minecraft:brewing_stand":1,"minecraft:yellow_bed":6,"minecraft:gunpowder":2,"minecraft:map":2,"minecraft:dirt":66,"minecraft:string":3,"minecraft:apple":2,"minecraft:wheat_seeds":61,"minecraft:gold_nugget":6,"minecraft:oak_fence_gate":1,"minecraft:beef":14,"minecraft:iron_ingot":1,"minecraft:chest":2,"minecraft:oak_planks":14,"minecraft:stick":2,"minecraft:raw_iron":4,"minecraft:composter":3,"minecraft:oak_fence":4,"minecraft:acacia_log":6,"minecraft:porkchop":4,"minecraft:sand":1,"minecraft:white_bed":6,"minecraft:carrot":17,"minecraft:arrow":2,"minecraft:rotten_flesh":7,"minecraft:stone_axe":1,"minecraft:beetroot_seeds":11,"minecraft:hay_block":42,"minecraft:acacia_slab":1,"minecraft:oak_sapling":4,"minecraft:cobblestone":35},"minecraft:broken":{"minecraft:golden_axe":1,"minecraft:stone_hoe":1},"minecraft:used":{"minecraft:oak_fence":44,"minecraft:water_bucket":8,"minecraft:iron_shovel":53,"minecraft:flint_and_steel":40,"minecraft:stone_pickaxe":16,"minecraft:oak_planks":244,"minecraft:chest":3,"minecraft:wooden_pickaxe":6,"minecraft:composter":3,"minecraft:stone_hoe":176,"minecraft:jungle_boat":3,"minecraft:dirt":7,"minecraft:sand":1,"minecraft:crafting_table":4,"minecraft:carrot":17,"minecraft:white_bed":6,"minecraft:oak_fence_gate":1,"minecraft:acacia_slab":3,"minecraft:iron_axe":48,"minecraft:oak_stairs":5,"minecraft:iron_pickaxe":24,"minecraft:bread":32,"minecraft:yellow_wool":1,"minecraft:stone_axe":18,"minecraft:cobblestone":9,"minecraft:beef":3,"minecraft:furnace":1,"minecraft:porkchop":1,"minecraft:bucket":8,"minecraft:yellow_bed":6,"minecraft:potato":17,"minecraft:golden_axe":165},"minecraft:dropped":{"minecraft:stone_axe":2,"minecraft:wheat_seeds":42,"minecraft:golden_chestplate":1,"minecraft:oak_fence":4,"minecraft:flint_and_steel":1,"minecraft:beetroot_seeds":9,"minecraft:acacia_slab":6,"minecraft:oak_sapling":2,"minecraft:chest":1,"minecraft:gold_nugget":6,"minecraft:arrow":1,"minecraft:stone_pickaxe":1,"minecraft:wooden_pickaxe":1},"minecraft:crafted":{"minecraft:oak_planks":452,"minecraft:tripwire_hook":2,"minecraft:crafting_table":4,"minecraft:jungle_boat":1,"minecraft:acacia_slab":12,"minecraft:wooden_pickaxe":1,"minecraft:furnace":1,"minecraft:bucket":1,"minecraft:stone_axe":1,"minecraft:air":0,"minecraft:bread":96,"minecraft:jungle_planks":12,"minecraft:iron_axe":1,"minecraft:stick":56,"minecraft:chest":2,"minecraft:iron_ingot":1,"minecraft:stone_pickaxe":1,"minecraft:oak_stairs":8,"minecraft:iron_shovel":1,"minecraft:acacia_planks":24,"minecraft:stone_hoe":2,"minecraft:oak_fence":48,"minecraft:wheat":288},"minecraft:custom":{"minecraft:interact_with_furnace":2,"minecraft:mob_kills":21,"minecraft:interact_with_crafting_table":22,"minecraft:bell_ring":10,"minecraft:leave_game":1,"minecraft:time_since_death":110368,"minecraft:sleep_in_bed":8,"minecraft:climb_one_cm":89,"minecraft:time_since_rest":240,"minecraft:sprint_one_cm":455224,"minecraft:damage_taken":933,"minecraft:walk_one_cm":175583,"minecraft:drop":19,"minecraft:damage_dealt":3092,"minecraft:talked_to_villager":15,"minecraft:swim_one_cm":68618,"minecraft:fly_one_cm":557684,"minecraft:open_chest":24,"minecraft:crouch_one_cm":9686,"minecraft:play_time":110368,"minecraft:sneak_time":2606,"minecraft:walk_under_water_one_cm":4820,"minecraft:boat_one_cm":231092,"minecraft:jump":1987,"minecraft:walk_on_water_one_cm":7934,"minecraft:total_world_time":110368,"minecraft:fall_one_cm":57353},"minecraft:mined":{"minecraft:farmland":3,"minecraft:white_bed":6,"minecraft:brewing_stand":1,"minecraft:acacia_log":6,"minecraft:grass_block":36,"minecraft:chest":1,"minecraft:jungle_log":3,"minecraft:tall_grass":4,"minecraft:cobblestone":3,"minecraft:acacia_slab":1,"minecraft:composter":3,"minecraft:oak_planks":14,"minecraft:mangrove_propagule":1,"minecraft:hay_block":42,"minecraft:carrots":12,"minecraft:wheat":58,"minecraft:iron_ore":4,"minecraft:fire":1,"minecraft:yellow_bed":6,"minecraft:oak_fence_gate":1,"minecraft:oak_stairs":1,"minecraft:dirt":21,"minecraft:grass":17,"minecraft:potatoes":5,"minecraft:oak_log":113,"minecraft:dirt_path":6,"minecraft:vine":1,"minecraft:beetroots":13,"minecraft:sand":1,"minecraft:stone":32,"minecraft:oak_leaves":18,"minecraft:fern":1},"minecraft:killed":{"minecraft:pig":3,"minecraft:spider":1,"minecraft:creeper":2,"minecraft:skeleton":1,"minecraft:zombie":6,"minecraft:cow":7}},"DataVersion":3465}