{"stats":{"minecraft:picked_up":{"minecraft:leather_chestplate":1,"minecraft:wheat":1,"minecraft:jungle_boat":2,"minecraft:jungle_log":3,"minecraft:yellow_wool":1,"minecraft:leather":8,"minecraft:brewing_stand":1,"minecraft:yellow_bed":1,"minecraft:gunpowder":2,"minecraft:map":2,"minecraft:string":3,"minecraft:wheat_seeds":27,"minecraft:beef":14,"minecraft:iron_ingot":1,"minecraft:stick":2,"minecraft:raw_iron":4,"minecraft:acacia_log":6,"minecraft:porkchop":4,"minecraft:sand":1,"minecraft:white_bed":4,"minecraft:arrow":1,"minecraft:rotten_flesh":4,"minecraft:beetroot_seeds":8,"minecraft:hay_block":32,"minecraft:cobblestone":16},"minecraft:used":{"minecraft:flint_and_steel":40,"minecraft:stone_pickaxe":16,"minecraft:wooden_pickaxe":6,"minecraft:jungle_boat":3,"minecraft:sand":1,"minecraft:crafting_table":3,"minecraft:bread":27,"minecraft:yellow_wool":1,"minecraft:stone_axe":18,"minecraft:cobblestone":5,"minecraft:beef":1,"minecraft:porkchop":1,"minecraft:golden_axe":25},"minecraft:dropped":{"minecraft:golden_chestplate":1,"minecraft:flint_and_steel":1,"minecraft:acacia_slab":6},"minecraft:crafted":{"minecraft:crafting_table":3,"minecraft:jungle_boat":1,"minecraft:acacia_slab":6,"minecraft:wooden_pickaxe":1,"minecraft:stone_axe":1,"minecraft:bread":96,"minecraft:jungle_planks":12,"minecraft:stick":8,"minecraft:stone_pickaxe":1,"minecraft:acacia_planks":24,"minecraft:wheat":288},"minecraft:custom":{"minecraft:mob_kills":17,"minecraft:interact_with_crafting_table":7,"minecraft:bell_ring":1,"minecraft:leave_game":1,"minecraft:time_since_death":56368,"minecraft:sleep_in_bed":3,"minecraft:climb_one_cm":89,"minecraft:time_since_rest":1640,"minecraft:sprint_one_cm":330449,"minecraft:damage_taken":815,"minecraft:walk_one_cm":66786,"minecraft:drop":3,"minecraft:damage_dealt":2046,"minecraft:swim_one_cm":68618,"minecraft:fly_one_cm":518122,"minecraft:open_chest":10,"minecraft:crouch_one_cm":184,"minecraft:play_time":56368,"minecraft:sneak_time":122,"minecraft:walk_under_water_one_cm":4132,"minecraft:boat_one_cm":231092,"minecraft:jump":1754,"minecraft:walk_on_water_one_cm":7516,"minecraft:total_world_time":56368,"minecraft:fall_one_cm":48670},"minecraft:mined":{"minecraft:white_bed":4,"minecraft:brewing_stand":1,"minecraft:acacia_log":6,"minecraft:jungle_log":3,"minecraft:tall_grass":4,"minecraft:mangrove_propagule":1,"minecraft:hay_block":32,"minecraft:wheat":28,"minecraft:iron_ore":4,"minecraft:fire":1,"minecraft:yellow_bed":1,"minecraft:grass":11,"minecraft:vine":1,"minecraft:beetroots":10,"minecraft:sand":1,"minecraft:stone":16,"minecraft:oak_leaves":1,"minecraft:fern":1},"minecraft:killed":{"minecraft:pig":3,"minecraft:spider":1,"minecraft:creeper":2,"minecraft:zombie":3,"minecraft:cow":7}},"DataVersion":3465}