{"stats":{"minecraft:picked_up":{"minecraft:jungle_boat":1,"minecraft:jungle_log":3,"minecraft:leather":1,"minecraft:acacia_log":3,"minecraft:porkchop":1,"minecraft:beef":1,"minecraft:cobblestone":14},"minecraft:used":{"minecraft:stone_pickaxe":8,"minecraft:wooden_pickaxe":6,"minecraft:jungle_boat":1,"minecraft:stone_axe":2,"minecraft:crafting_table":2},"minecraft:dropped":{"minecraft:acacia_slab":6},"minecraft:crafted":{"minecraft:crafting_table":2,"minecraft:jungle_boat":1,"minecraft:stick":8,"minecraft:acacia_slab":6,"minecraft:wooden_pickaxe":1,"minecraft:stone_pickaxe":1,"minecraft:acacia_planks":12,"minecraft:stone_axe":1,"minecraft:jungle_planks":12},"minecraft:custom":{"minecraft:time_since_rest":5930,"minecraft:sprint_one_cm":20682,"minecraft:damage_taken":40,"minecraft:walk_one_cm":3566,"minecraft:mob_kills":2,"minecraft:drop":1,"minecraft:damage_dealt":200,"minecraft:interact_with_crafting_table":4,"minecraft:swim_one_cm":4346,"minecraft:fly_one_cm":25963,"minecraft:crouch_one_cm":85,"minecraft:play_time":5930,"minecraft:sneak_time":12,"minecraft:walk_under_water_one_cm":565,"minecraft:boat_one_cm":54236,"minecraft:jump":118,"minecraft:walk_on_water_one_cm":2036,"minecraft:time_since_death":5930,"minecraft:climb_one_cm":89,"minecraft:total_world_time":5930,"minecraft:fall_one_cm":2191},"minecraft:mined":{"minecraft:grass":2,"minecraft:acacia_log":3,"minecraft:vine":1,"minecraft:jungle_log":3,"minecraft:stone":14,"minecraft:mangrove_propagule":1,"minecraft:fern":1},"minecraft:killed":{"minecraft:pig":1,"minecraft:cow":1}},"DataVersion":3465}