{"stats":{"minecraft:picked_up":{"minecraft:birch_log":4,"minecraft:crafting_table":1,"minecraft:raw_iron":2,"minecraft:composter":1,"minecraft:leather":4,"minecraft:potato":6,"minecraft:oak_log":7,"minecraft:carrot":8,"minecraft:spruce_log":4,"minecraft:rotten_flesh":2,"minecraft:beetroot_seeds":2,"minecraft:wheat_seeds":10,"minecraft:hay_block":19,"minecraft:beef":10,"minecraft:mutton":3,"minecraft:coal":8,"minecraft:white_wool":3,"minecraft:cobblestone":11},"minecraft:used":{"minecraft:birch_planks":5,"minecraft:bread":3,"minecraft:stone_pickaxe":18,"minecraft:oak_planks":2,"minecraft:wooden_pickaxe":3,"minecraft:stone_axe":31,"minecraft:mutton":1,"minecraft:beef":5,"minecraft:crafting_table":1},"minecraft:crafted":{"minecraft:oak_planks":28,"minecraft:crafting_table":1,"minecraft:stick":8,"minecraft:wooden_pickaxe":1,"minecraft:stone_pickaxe":1,"minecraft:birch_planks":16,"minecraft:stone_axe":1},"minecraft:custom":{"minecraft:time_since_rest":17908,"minecraft:sprint_one_cm":77011,"minecraft:damage_taken":20,"minecraft:walk_one_cm":23866,"minecraft:mob_kills":10,"minecraft:damage_dealt":1040,"minecraft:swim_one_cm":11819,"minecraft:interact_with_crafting_table":4,"minecraft:fly_one_cm":143592,"minecraft:open_chest":2,"minecraft:play_time":17908,"minecraft:sneak_time":73,"minecraft:walk_under_water_one_cm":3899,"minecraft:jump":528,"minecraft:time_since_death":17908,"minecraft:walk_on_water_one_cm":3272,"minecraft:total_world_time":17908,"minecraft:fall_one_cm":14280},"minecraft:mined":{"minecraft:hay_block":19,"minecraft:carrots":9,"minecraft:birch_log":4,"minecraft:iron_ore":2,"minecraft:wheat":10,"minecraft:spruce_log":4,"minecraft:birch_leaves":1,"minecraft:crafting_table":1,"minecraft:grass":1,"minecraft:potatoes":6,"minecraft:coal_ore":8,"minecraft:oak_log":7,"minecraft:beetroots":2,"minecraft:spruce_leaves":3,"minecraft:stone":11,"minecraft:composter":1,"minecraft:oak_leaves":2},"minecraft:killed":{"minecraft:sheep":3,"minecraft:zombie":1,"minecraft:cow":6}},"DataVersion":3465}