{"stats":{"minecraft:picked_up":{"minecraft:wheat":3,"minecraft:yellow_wool":1,"minecraft:oak_stairs":2,"minecraft:brewing_stand":1,"minecraft:string":541,"minecraft:gold_nugget":6,"minecraft:beef":14,"minecraft:poppy":2,"minecraft:chest":5,"minecraft:raw_iron":4,"minecraft:stick":2,"minecraft:composter":3,"minecraft:oak_fence":4,"minecraft:acacia_log":6,"minecraft:porkchop":4,"minecraft:carrot":24,"minecraft:rotten_flesh":7,"minecraft:arrow":2,"minecraft:beetroot_seeds":11,"minecraft:hay_block":46,"minecraft:cobblestone":35,"minecraft:leather_chestplate":1,"minecraft:jungle_boat":2,"minecraft:jungle_log":3,"minecraft:leather":8,"minecraft:potato":13,"minecraft:oak_log":142,"minecraft:yellow_bed":6,"minecraft:gunpowder":2,"minecraft:map":2,"minecraft:dirt":86,"minecraft:apple":2,"minecraft:wheat_seeds":61,"minecraft:oak_fence_gate":1,"minecraft:iron_ingot":8,"minecraft:oak_planks":16,"minecraft:sand":1,"minecraft:white_bed":6,"minecraft:barrel":3,"minecraft:stone_axe":1,"minecraft:oak_sapling":4,"minecraft:acacia_slab":1},"minecraft:broken":{"minecraft:stone_hoe":1,"minecraft:golden_axe":1},"minecraft:used":{"minecraft:oak_fence":44,"minecraft:oak_trapdoor":2,"minecraft:iron_shovel":72,"minecraft:flint_and_steel":40,"minecraft:poppy":2,"minecraft:chest":17,"minecraft:stone_hoe":180,"minecraft:dirt":19,"minecraft:hopper":1,"minecraft:carrot":24,"minecraft:oak_fence_gate":1,"minecraft:iron_axe":107,"minecraft:oak_stairs":5,"minecraft:acacia_slab":3,"minecraft:barrel":6,"minecraft:tripwire_hook":2,"minecraft:beef":3,"minecraft:hay_block":4,"minecraft:furnace":1,"minecraft:potato":22,"minecraft:golden_axe":165,"minecraft:water_bucket":11,"minecraft:stone_pickaxe":16,"minecraft:oak_planks":267,"minecraft:wooden_pickaxe":6,"minecraft:composter":3,"minecraft:jungle_boat":3,"minecraft:sand":1,"minecraft:crafting_table":4,"minecraft:white_bed":6,"minecraft:shears":1,"minecraft:lever":1,"minecraft:bread":36,"minecraft:string":4,"minecraft:iron_pickaxe":24,"minecraft:yellow_wool":1,"minecraft:stone_axe":18,"minecraft:cobblestone":9,"minecraft:porkchop":1,"minecraft:bucket":11,"minecraft:yellow_bed":6},"minecraft:dropped":{"minecraft:wheat_seeds":42,"minecraft:oak_fence":4,"minecraft:oak_stairs":1,"minecraft:gold_nugget":6,"minecraft:string":52,"minecraft:stone_axe":2,"minecraft:golden_chestplate":1,"minecraft:flint_and_steel":1,"minecraft:beetroot_seeds":9,"minecraft:acacia_slab":6,"minecraft:oak_sapling":2,"minecraft:chest":1,"minecraft:arrow":1,"minecraft:wooden_pickaxe":1,"minecraft:stone_pickaxe":1},"minecraft:crafted":{"minecraft:oak_planks":568,"minecraft:barrel":3,"minecraft:tripwire_hook":2,"minecraft:furnace":1,"minecraft:loom":2,"minecraft:lever":1,"minecraft:oak_trapdoor":4,"minecraft:hopper":1,"minecraft:iron_axe":1,"minecraft:stone_pickaxe":1,"minecraft:chest":14,"minecraft:stone_hoe":2,"minecraft:oak_fence":48,"minecraft:wheat":288,"minecraft:oak_slab":6,"minecraft:emerald":9,"minecraft:crafting_table":4,"minecraft:jungle_boat":1,"minecraft:acacia_slab":12,"minecraft:wooden_pickaxe":1,"minecraft:bucket":1,"minecraft:stone_axe":1,"minecraft:bread":96,"minecraft:air":0,"minecraft:jungle_planks":12,"minecraft:stick":56,"minecraft:iron_ingot":4,"minecraft:oak_stairs":8,"minecraft:iron_shovel":1,"minecraft:acacia_planks":24,"minecraft:shears":1},"minecraft:custom":{"minecraft:mob_kills":23,"minecraft:interact_with_crafting_table":31,"minecraft:bell_ring":10,"minecraft:leave_game":2,"minecraft:time_since_death":132202,"minecraft:climb_one_cm":89,"minecraft:sprint_one_cm":510876,"minecraft:walk_one_cm":236518,"minecraft:drop":23,"minecraft:talked_to_villager":24,"minecraft:play_time":132202,"minecraft:sneak_time":3430,"minecraft:walk_under_water_one_cm":4919,"minecraft:boat_one_cm":231092,"minecraft:jump":2176,"minecraft:walk_on_water_one_cm":9254,"minecraft:total_world_time":132202,"minecraft:interact_with_furnace":4,"minecraft:traded_with_villager":9,"minecraft:sleep_in_bed":9,"minecraft:time_since_rest":8893,"minecraft:damage_taken":933,"minecraft:damage_dealt":5093,"minecraft:swim_one_cm":68618,"minecraft:fly_one_cm":581815,"minecraft:open_chest":43,"minecraft:crouch_one_cm":11279,"minecraft:fall_one_cm":62456},"minecraft:mined":{"minecraft:white_bed":6,"minecraft:farmland":3,"minecraft:brewing_stand":1,"minecraft:acacia_log":6,"minecraft:grass_block":45,"minecraft:jungle_log":3,"minecraft:acacia_slab":1,"minecraft:composter":3,"minecraft:mangrove_propagule":1,"minecraft:hay_block":46,"minecraft:carrots":14,"minecraft:barrel":3,"minecraft:iron_ore":4,"minecraft:fire":1,"minecraft:potatoes":7,"minecraft:vine":1,"minecraft:dirt_path":9,"minecraft:oak_stairs":2,"minecraft:stone":32,"minecraft:tripwire":2,"minecraft:chest":4,"minecraft:tall_grass":4,"minecraft:cobblestone":3,"minecraft:oak_planks":16,"minecraft:wheat":58,"minecraft:yellow_bed":6,"minecraft:grass":17,"minecraft:oak_log":143,"minecraft:beetroots":13,"minecraft:oak_fence_gate":1,"minecraft:sand":1,"minecraft:dirt":30,"minecraft:oak_leaves":20,"minecraft:fern":1},"minecraft:killed":{"minecraft:spider":1,"minecraft:skeleton":1,"minecraft:pig":3,"minecraft:iron_golem":2,"minecraft:creeper":2,"minecraft:zombie":6,"minecraft:cow":7}},"DataVersion":3465}