{"stats":{"minecraft:picked_up":{"minecraft:wheat":1,"minecraft:stick":2,"minecraft:raw_iron":4,"minecraft:leather_chestplate":1,"minecraft:jungle_boat":2,"minecraft:jungle_log":3,"minecraft:leather":8,"minecraft:acacia_log":6,"minecraft:porkchop":4,"minecraft:sand":1,"minecraft:brewing_stand":1,"minecraft:map":2,"minecraft:string":3,"minecraft:arrow":1,"minecraft:rotten_flesh":1,"minecraft:beetroot_seeds":8,"minecraft:wheat_seeds":26,"minecraft:hay_block":32,"minecraft:beef":14,"minecraft:cobblestone":16},"minecraft:used":{"minecraft:flint_and_steel":40,"minecraft:bread":24,"minecraft:stone_pickaxe":16,"minecraft:wooden_pickaxe":6,"minecraft:jungle_boat":3,"minecraft:stone_axe":18,"minecraft:sand":1,"minecraft:cobblestone":5,"minecraft:beef":1,"minecraft:crafting_table":3,"minecraft:porkchop":1,"minecraft:golden_axe":6},"minecraft:dropped":{"minecraft:golden_chestplate":1,"minecraft:acacia_slab":6,"minecraft:flint_and_steel":1},"minecraft:crafted":{"minecraft:crafting_table":3,"minecraft:jungle_boat":1,"minecraft:stick":8,"minecraft:acacia_slab":6,"minecraft:wooden_pickaxe":1,"minecraft:stone_pickaxe":1,"minecraft:acacia_planks":24,"minecraft:stone_axe":1,"minecraft:bread":96,"minecraft:wheat":288,"minecraft:jungle_planks":12},"minecraft:custom":{"minecraft:time_since_rest":9061,"minecraft:sprint_one_cm":289683,"minecraft:damage_taken":785,"minecraft:walk_one_cm":50723,"minecraft:mob_kills":12,"minecraft:drop":3,"minecraft:damage_dealt":1141,"minecraft:interact_with_crafting_table":7,"minecraft:swim_one_cm":67344,"minecraft:fly_one_cm":462411,"minecraft:open_chest":6,"minecraft:crouch_one_cm":184,"minecraft:play_time":50434,"minecraft:sneak_time":122,"minecraft:walk_under_water_one_cm":4017,"minecraft:boat_one_cm":231092,"minecraft:jump":1562,"minecraft:leave_game":1,"minecraft:walk_on_water_one_cm":7325,"minecraft:time_since_death":50434,"minecraft:sleep_in_bed":2,"minecraft:climb_one_cm":89,"minecraft:total_world_time":50434,"minecraft:fall_one_cm":43652},"minecraft:mined":{"minecraft:hay_block":32,"minecraft:fire":1,"minecraft:iron_ore":4,"minecraft:wheat":28,"minecraft:brewing_stand":1,"minecraft:grass":10,"minecraft:acacia_log":6,"minecraft:beetroots":10,"minecraft:vine":1,"minecraft:jungle_log":3,"minecraft:sand":1,"minecraft:tall_grass":4,"minecraft:stone":16,"minecraft:oak_leaves":1,"minecraft:mangrove_propagule":1,"minecraft:fern":1},"minecraft:killed":{"minecraft:pig":3,"minecraft:spider":1,"minecraft:cow":7}},"DataVersion":3465}