{"stats":{"minecraft:picked_up":{"minecraft:wheat":3,"minecraft:yellow_wool":1,"minecraft:oak_stairs":2,"minecraft:brewing_stand":1,"minecraft:string":1169,"minecraft:iron_axe":2,"minecraft:iron_shovel":1,"minecraft:gold_nugget":6,"minecraft:bucket":1,"minecraft:beef":14,"minecraft:poppy":4,"minecraft:iron_pickaxe":1,"minecraft:chest":5,"minecraft:raw_iron":44,"minecraft:stick":2,"minecraft:composter":3,"minecraft:oak_fence":4,"minecraft:acacia_log":6,"minecraft:porkchop":4,"minecraft:pointed_dripstone":5,"minecraft:diorite":21,"minecraft:carrot":24,"minecraft:rotten_flesh":22,"minecraft:arrow":17,"minecraft:beetroot_seeds":11,"minecraft:hay_block":46,"minecraft:cobblestone":160,"minecraft:leather_chestplate":1,"minecraft:jungle_boat":2,"minecraft:andesite":30,"minecraft:jungle_log":3,"minecraft:leather":8,"minecraft:potato":16,"minecraft:oak_log":142,"minecraft:yellow_bed":6,"minecraft:gunpowder":8,"minecraft:map":2,"minecraft:dirt":91,"minecraft:bone":15,"minecraft:apple":2,"minecraft:wheat_seeds":61,"minecraft:oak_fence_gate":1,"minecraft:iron_ingot":26,"minecraft:oak_planks":130,"minecraft:dripstone_block":6,"minecraft:sand":1,"minecraft:white_bed":6,"minecraft:barrel":3,"minecraft:slime_ball":9,"minecraft:stone_axe":1,"minecraft:iron_helmet":2,"minecraft:bread":18,"minecraft:emerald":54,"minecraft:oak_sapling":4,"minecraft:acacia_slab":1,"minecraft:coal":25},"minecraft:broken":{"minecraft:stone_hoe":1,"minecraft:golden_axe":1},"minecraft:used":{"minecraft:oak_fence":44,"minecraft:oak_trapdoor":2,"minecraft:iron_shovel":72,"minecraft:flint_and_steel":40,"minecraft:poppy":2,"minecraft:chest":17,"minecraft:stone_hoe":180,"minecraft:dirt":45,"minecraft:hopper":1,"minecraft:carrot":24,"minecraft:oak_fence_gate":1,"minecraft:iron_axe":158,"minecraft:oak_stairs":5,"minecraft:acacia_slab":3,"minecraft:iron_helmet":2,"minecraft:barrel":6,"minecraft:tripwire_hook":2,"minecraft:beef":3,"minecraft:hay_block":4,"minecraft:furnace":1,"minecraft:potato":25,"minecraft:golden_axe":165,"minecraft:pointed_dripstone":3,"minecraft:water_bucket":14,"minecraft:stone_pickaxe":16,"minecraft:oak_planks":267,"minecraft:wooden_pickaxe":6,"minecraft:composter":3,"minecraft:jungle_boat":3,"minecraft:sand":1,"minecraft:crafting_table":4,"minecraft:white_bed":6,"minecraft:shears":1,"minecraft:lever":1,"minecraft:bread":47,"minecraft:string":4,"minecraft:iron_pickaxe":165,"minecraft:yellow_wool":1,"minecraft:stone_axe":18,"minecraft:cobblestone":24,"minecraft:porkchop":1,"minecraft:smithing_table":1,"minecraft:bucket":14,"minecraft:yellow_bed":6},"minecraft:dropped":{"minecraft:stone_hoe":9,"minecraft:wheat_seeds":42,"minecraft:dripstone_block":2,"minecraft:oak_fence":4,"minecraft:diorite":7,"minecraft:oak_stairs":1,"minecraft:gold_nugget":6,"minecraft:string":55,"minecraft:stone_axe":2,"minecraft:golden_chestplate":1,"minecraft:rotten_flesh":5,"minecraft:flint_and_steel":1,"minecraft:poppy":2,"minecraft:beetroot_seeds":9,"minecraft:acacia_slab":6,"minecraft:oak_sapling":2,"minecraft:chest":1,"minecraft:arrow":1,"minecraft:wooden_pickaxe":1,"minecraft:stone_pickaxe":2},"minecraft:killed_by":{"minecraft:iron_golem":2},"minecraft:crafted":{"minecraft:oak_planks":568,"minecraft:barrel":3,"minecraft:tripwire_hook":2,"minecraft:furnace":1,"minecraft:loom":2,"minecraft:lever":1,"minecraft:oak_trapdoor":4,"minecraft:hopper":1,"minecraft:iron_axe":1,"minecraft:stone_pickaxe":25,"minecraft:chest":14,"minecraft:stone_hoe":26,"minecraft:oak_fence":48,"minecraft:wheat":288,"minecraft:oak_slab":6,"minecraft:emerald":51,"minecraft:crafting_table":4,"minecraft:jungle_boat":1,"minecraft:acacia_slab":12,"minecraft:wooden_pickaxe":1,"minecraft:smithing_table":1,"minecraft:bucket":1,"minecraft:stone_axe":1,"minecraft:bread":96,"minecraft:air":0,"minecraft:jungle_planks":12,"minecraft:stick":56,"minecraft:iron_ingot":23,"minecraft:oak_stairs":8,"minecraft:iron_shovel":1,"minecraft:acacia_planks":24,"minecraft:shears":1},"minecraft:custom":{"minecraft:mob_kills":39,"minecraft:inspect_hopper":2,"minecraft:interact_with_crafting_table":32,"minecraft:bell_ring":10,"minecraft:leave_game":2,"minecraft:time_since_death":3257,"minecraft:climb_one_cm":1476,"minecraft:sprint_one_cm":673187,"minecraft:walk_one_cm":287705,"minecraft:drop":38,"minecraft:talked_to_villager":33,"minecraft:play_time":162202,"minecraft:deaths":2,"minecraft:sneak_time":4644,"minecraft:walk_under_water_one_cm":8922,"minecraft:boat_one_cm":231092,"minecraft:jump":2821,"minecraft:walk_on_water_one_cm":21047,"minecraft:total_world_time":162202,"minecraft:interact_with_furnace":6,"minecraft:traded_with_villager":99,"minecraft:sleep_in_bed":11,"minecraft:time_since_rest":3287,"minecraft:damage_taken":2033,"minecraft:damage_dealt":9472,"minecraft:swim_one_cm":100857,"minecraft:fly_one_cm":698868,"minecraft:open_chest":51,"minecraft:crouch_one_cm":12975,"minecraft:fall_one_cm":74955},"minecraft:mined":{"minecraft:white_bed":6,"minecraft:farmland":3,"minecraft:brewing_stand":1,"minecraft:acacia_log":6,"minecraft:grass_block":48,"minecraft:jungle_log":3,"minecraft:acacia_slab":1,"minecraft:composter":3,"minecraft:mangrove_propagule":1,"minecraft:hay_block":46,"minecraft:carrots":14,"minecraft:barrel":3,"minecraft:iron_ore":44,"minecraft:fire":1,"minecraft:andesite":11,"minecraft:pointed_dripstone":1,"minecraft:potatoes":8,"minecraft:vine":1,"minecraft:dirt_path":10,"minecraft:oak_stairs":2,"minecraft:stone":81,"minecraft:tripwire":2,"minecraft:chest":4,"minecraft:tall_grass":4,"minecraft:cobblestone":5,"minecraft:oak_planks":16,"minecraft:diorite":7,"minecraft:wheat":58,"minecraft:yellow_bed":6,"minecraft:grass":18,"minecraft:coal_ore":25,"minecraft:oak_log":143,"minecraft:beetroots":13,"minecraft:oak_fence_gate":1,"minecraft:dripstone_block":2,"minecraft:sand":1,"minecraft:dirt":34,"minecraft:oak_leaves":20,"minecraft:fern":1},"minecraft:killed":{"minecraft:spider":3,"minecraft:slime":2,"minecraft:skeleton":4,"minecraft:pig":3,"minecraft:iron_golem":5,"minecraft:creeper":4,"minecraft:zombie":9,"minecraft:cow":7}},"DataVersion":3465}