{"stats":{"minecraft:picked_up":{"minecraft:leather_chestplate":1,"minecraft:wheat":1,"minecraft:jungle_boat":2,"minecraft:jungle_log":3,"minecraft:yellow_wool":1,"minecraft:leather":8,"minecraft:potato":3,"minecraft:oak_log":113,"minecraft:brewing_stand":1,"minecraft:yellow_bed":4,"minecraft:gunpowder":2,"minecraft:map":2,"minecraft:dirt":37,"minecraft:string":3,"minecraft:apple":2,"minecraft:wheat_seeds":42,"minecraft:gold_nugget":6,"minecraft:beef":14,"minecraft:iron_ingot":1,"minecraft:chest":2,"minecraft:oak_planks":3,"minecraft:stick":2,"minecraft:raw_iron":4,"minecraft:acacia_log":6,"minecraft:porkchop":4,"minecraft:sand":1,"minecraft:white_bed":6,"minecraft:carrot":6,"minecraft:arrow":1,"minecraft:rotten_flesh":4,"minecraft:stone_axe":1,"minecraft:beetroot_seeds":9,"minecraft:hay_block":32,"minecraft:oak_sapling":4,"minecraft:cobblestone":16},"minecraft:used":{"minecraft:iron_shovel":37,"minecraft:flint_and_steel":40,"minecraft:stone_pickaxe":16,"minecraft:oak_planks":234,"minecraft:chest":1,"minecraft:wooden_pickaxe":6,"minecraft:jungle_boat":3,"minecraft:dirt":3,"minecraft:sand":1,"minecraft:crafting_table":4,"minecraft:iron_pickaxe":1,"minecraft:bread":29,"minecraft:yellow_wool":1,"minecraft:stone_axe":18,"minecraft:cobblestone":5,"minecraft:beef":3,"minecraft:porkchop":1,"minecraft:golden_axe":164},"minecraft:dropped":{"minecraft:stone_axe":2,"minecraft:wheat_seeds":42,"minecraft:golden_chestplate":1,"minecraft:flint_and_steel":1,"minecraft:beetroot_seeds":9,"minecraft:acacia_slab":6,"minecraft:oak_sapling":2,"minecraft:chest":1,"minecraft:gold_nugget":6,"minecraft:arrow":1,"minecraft:stone_pickaxe":1,"minecraft:wooden_pickaxe":1},"minecraft:crafted":{"minecraft:oak_planks":324,"minecraft:crafting_table":4,"minecraft:jungle_boat":1,"minecraft:acacia_slab":6,"minecraft:wooden_pickaxe":1,"minecraft:stone_axe":1,"minecraft:bread":96,"minecraft:jungle_planks":12,"minecraft:stick":56,"minecraft:stone_pickaxe":1,"minecraft:iron_shovel":1,"minecraft:acacia_planks":24,"minecraft:wheat":288},"minecraft:custom":{"minecraft:mob_kills":17,"minecraft:interact_with_crafting_table":9,"minecraft:bell_ring":1,"minecraft:leave_game":1,"minecraft:time_since_death":68368,"minecraft:sleep_in_bed":3,"minecraft:climb_one_cm":89,"minecraft:time_since_rest":13640,"minecraft:sprint_one_cm":366843,"minecraft:damage_taken":815,"minecraft:walk_one_cm":97111,"minecraft:drop":18,"minecraft:damage_dealt":2046,"minecraft:swim_one_cm":68618,"minecraft:fly_one_cm":535703,"minecraft:open_chest":13,"minecraft:crouch_one_cm":8916,"minecraft:play_time":68368,"minecraft:sneak_time":1876,"minecraft:walk_under_water_one_cm":4132,"minecraft:boat_one_cm":231092,"minecraft:jump":1827,"minecraft:walk_on_water_one_cm":7516,"minecraft:total_world_time":68368,"minecraft:fall_one_cm":50818},"minecraft:mined":{"minecraft:white_bed":6,"minecraft:brewing_stand":1,"minecraft:acacia_log":6,"minecraft:grass_block":24,"minecraft:chest":1,"minecraft:jungle_log":3,"minecraft:tall_grass":4,"minecraft:oak_planks":4,"minecraft:mangrove_propagule":1,"minecraft:hay_block":32,"minecraft:carrots":6,"minecraft:wheat":43,"minecraft:iron_ore":4,"minecraft:fire":1,"minecraft:yellow_bed":4,"minecraft:dirt":9,"minecraft:grass":17,"minecraft:potatoes":3,"minecraft:oak_log":113,"minecraft:dirt_path":4,"minecraft:vine":1,"minecraft:beetroots":11,"minecraft:sand":1,"minecraft:stone":16,"minecraft:oak_leaves":18,"minecraft:fern":1},"minecraft:killed":{"minecraft:pig":3,"minecraft:spider":1,"minecraft:creeper":2,"minecraft:zombie":3,"minecraft:cow":7}},"DataVersion":3465}