{"stats":{"minecraft:picked_up":{"minecraft:wheat":3,"minecraft:yellow_wool":1,"minecraft:oak_stairs":2,"minecraft:brewing_stand":1,"minecraft:string":1164,"minecraft:gold_nugget":6,"minecraft:beef":14,"minecraft:poppy":2,"minecraft:chest":5,"minecraft:raw_iron":26,"minecraft:stick":2,"minecraft:composter":3,"minecraft:oak_fence":4,"minecraft:acacia_log":6,"minecraft:porkchop":4,"minecraft:pointed_dripstone":4,"minecraft:diorite":1,"minecraft:carrot":24,"minecraft:rotten_flesh":7,"minecraft:arrow":2,"minecraft:beetroot_seeds":11,"minecraft:hay_block":46,"minecraft:cobblestone":45,"minecraft:leather_chestplate":1,"minecraft:jungle_boat":2,"minecraft:andesite":2,"minecraft:jungle_log":3,"minecraft:leather":8,"minecraft:potato":13,"minecraft:oak_log":142,"minecraft:yellow_bed":6,"minecraft:gunpowder":2,"minecraft:map":2,"minecraft:dirt":87,"minecraft:bone":1,"minecraft:apple":2,"minecraft:wheat_seeds":61,"minecraft:oak_fence_gate":1,"minecraft:iron_ingot":11,"minecraft:oak_planks":16,"minecraft:dripstone_block":2,"minecraft:sand":1,"minecraft:white_bed":6,"minecraft:barrel":3,"minecraft:stone_axe":1,"minecraft:oak_sapling":4,"minecraft:acacia_slab":1,"minecraft:coal":25},"minecraft:broken":{"minecraft:stone_hoe":1,"minecraft:golden_axe":1},"minecraft:used":{"minecraft:oak_fence":44,"minecraft:oak_trapdoor":2,"minecraft:iron_shovel":72,"minecraft:flint_and_steel":40,"minecraft:poppy":2,"minecraft:chest":17,"minecraft:stone_hoe":180,"minecraft:dirt":19,"minecraft:hopper":1,"minecraft:carrot":24,"minecraft:oak_fence_gate":1,"minecraft:iron_axe":117,"minecraft:oak_stairs":5,"minecraft:acacia_slab":3,"minecraft:barrel":6,"minecraft:tripwire_hook":2,"minecraft:beef":3,"minecraft:hay_block":4,"minecraft:furnace":1,"minecraft:potato":22,"minecraft:golden_axe":165,"minecraft:water_bucket":14,"minecraft:stone_pickaxe":16,"minecraft:oak_planks":267,"minecraft:wooden_pickaxe":6,"minecraft:composter":3,"minecraft:jungle_boat":3,"minecraft:sand":1,"minecraft:crafting_table":4,"minecraft:white_bed":6,"minecraft:shears":1,"minecraft:lever":1,"minecraft:bread":38,"minecraft:string":4,"minecraft:iron_pickaxe":87,"minecraft:yellow_wool":1,"minecraft:stone_axe":18,"minecraft:cobblestone":9,"minecraft:porkchop":1,"minecraft:smithing_table":1,"minecraft:bucket":14,"minecraft:yellow_bed":6},"minecraft:dropped":{"minecraft:wheat_seeds":42,"minecraft:oak_fence":4,"minecraft:oak_stairs":1,"minecraft:gold_nugget":6,"minecraft:string":52,"minecraft:stone_axe":2,"minecraft:golden_chestplate":1,"minecraft:flint_and_steel":1,"minecraft:beetroot_seeds":9,"minecraft:acacia_slab":6,"minecraft:oak_sapling":2,"minecraft:chest":1,"minecraft:arrow":1,"minecraft:wooden_pickaxe":1,"minecraft:stone_pickaxe":1},"minecraft:crafted":{"minecraft:oak_planks":568,"minecraft:barrel":3,"minecraft:tripwire_hook":2,"minecraft:furnace":1,"minecraft:loom":2,"minecraft:lever":1,"minecraft:oak_trapdoor":4,"minecraft:hopper":1,"minecraft:iron_axe":1,"minecraft:stone_pickaxe":13,"minecraft:chest":14,"minecraft:stone_hoe":14,"minecraft:oak_fence":48,"minecraft:wheat":288,"minecraft:oak_slab":6,"minecraft:emerald":51,"minecraft:crafting_table":4,"minecraft:jungle_boat":1,"minecraft:acacia_slab":12,"minecraft:wooden_pickaxe":1,"minecraft:smithing_table":1,"minecraft:bucket":1,"minecraft:stone_axe":1,"minecraft:bread":96,"minecraft:air":0,"minecraft:jungle_planks":12,"minecraft:stick":56,"minecraft:iron_ingot":4,"minecraft:oak_stairs":8,"minecraft:iron_shovel":1,"minecraft:acacia_planks":24,"minecraft:shears":1},"minecraft:custom":{"minecraft:mob_kills":26,"minecraft:inspect_hopper":2,"minecraft:interact_with_crafting_table":32,"minecraft:bell_ring":10,"minecraft:leave_game":2,"minecraft:time_since_death":144202,"minecraft:climb_one_cm":89,"minecraft:sprint_one_cm":568281,"minecraft:walk_one_cm":257038,"minecraft:drop":23,"minecraft:talked_to_villager":32,"minecraft:play_time":144202,"minecraft:sneak_time":3709,"minecraft:walk_under_water_one_cm":5847,"minecraft:boat_one_cm":231092,"minecraft:jump":2407,"minecraft:walk_on_water_one_cm":13137,"minecraft:total_world_time":144202,"minecraft:interact_with_furnace":4,"minecraft:traded_with_villager":75,"minecraft:sleep_in_bed":10,"minecraft:time_since_rest":7845,"minecraft:damage_taken":1135,"minecraft:damage_dealt":6198,"minecraft:swim_one_cm":78407,"minecraft:fly_one_cm":628527,"minecraft:open_chest":50,"minecraft:crouch_one_cm":11974,"minecraft:fall_one_cm":68490},"minecraft:mined":{"minecraft:white_bed":6,"minecraft:farmland":3,"minecraft:brewing_stand":1,"minecraft:acacia_log":6,"minecraft:grass_block":47,"minecraft:jungle_log":3,"minecraft:acacia_slab":1,"minecraft:composter":3,"minecraft:mangrove_propagule":1,"minecraft:hay_block":46,"minecraft:carrots":14,"minecraft:barrel":3,"minecraft:iron_ore":26,"minecraft:fire":1,"minecraft:andesite":2,"minecraft:pointed_dripstone":1,"minecraft:potatoes":7,"minecraft:vine":1,"minecraft:dirt_path":10,"minecraft:oak_stairs":2,"minecraft:stone":42,"minecraft:tripwire":2,"minecraft:chest":4,"minecraft:tall_grass":4,"minecraft:cobblestone":3,"minecraft:oak_planks":16,"minecraft:diorite":1,"minecraft:wheat":58,"minecraft:yellow_bed":6,"minecraft:grass":17,"minecraft:coal_ore":25,"minecraft:oak_log":143,"minecraft:beetroots":13,"minecraft:oak_fence_gate":1,"minecraft:dripstone_block":2,"minecraft:sand":1,"minecraft:dirt":31,"minecraft:oak_leaves":20,"minecraft:fern":1},"minecraft:killed":{"minecraft:spider":1,"minecraft:skeleton":2,"minecraft:pig":3,"minecraft:iron_golem":3,"minecraft:creeper":2,"minecraft:zombie":7,"minecraft:cow":7}},"DataVersion":3465}