{"stats":{"minecraft:picked_up":{"minecraft:iron_chestplate":1,"minecraft:wheat":3,"minecraft:yellow_wool":1,"minecraft:oak_stairs":2,"minecraft:brewing_stand":1,"minecraft:string":1556,"minecraft:iron_axe":2,"minecraft:flint_and_steel":1,"minecraft:iron_leggings":1,"minecraft:iron_shovel":1,"minecraft:gold_nugget":14,"minecraft:bucket":1,"minecraft:beef":14,"minecraft:poppy":6,"minecraft:iron_pickaxe":3,"minecraft:chest":5,"minecraft:iron_boots":1,"minecraft:golden_helmet":1,"minecraft:raw_iron":44,"minecraft:stick":4,"minecraft:composter":3,"minecraft:oak_fence":4,"minecraft:acacia_log":6,"minecraft:porkchop":4,"minecraft:pointed_dripstone":5,"minecraft:diorite":28,"minecraft:carrot":74,"minecraft:rotten_flesh":27,"minecraft:arrow":17,"minecraft:beetroot_seeds":11,"minecraft:hay_block":46,"minecraft:obsidian":6,"minecraft:cobblestone":161,"minecraft:leather_chestplate":1,"minecraft:jungle_boat":2,"minecraft:basalt":3,"minecraft:andesite":30,"minecraft:jungle_log":3,"minecraft:leather":8,"minecraft:potato":30,"minecraft:oak_log":142,"minecraft:yellow_bed":6,"minecraft:gunpowder":8,"minecraft:wooden_hoe":1,"minecraft:map":2,"minecraft:dirt":93,"minecraft:bone":15,"minecraft:apple":2,"minecraft:wheat_seeds":61,"minecraft:oak_fence_gate":1,"minecraft:iron_ingot":26,"minecraft:soul_sand":4,"minecraft:iron_sword":1,"minecraft:oak_planks":130,"minecraft:dripstone_block":8,"minecraft:sand":1,"minecraft:white_bed":6,"minecraft:barrel":3,"minecraft:slime_ball":9,"minecraft:stone_axe":1,"minecraft:iron_helmet":2,"minecraft:bread":26,"minecraft:emerald":54,"minecraft:oak_sapling":4,"minecraft:acacia_slab":1,"minecraft:netherrack":76,"minecraft:coal":25},"minecraft:broken":{"minecraft:stone_hoe":1,"minecraft:golden_axe":1},"minecraft:used":{"minecraft:oak_fence":44,"minecraft:oak_trapdoor":2,"minecraft:iron_shovel":72,"minecraft:flint_and_steel":40,"minecraft:poppy":2,"minecraft:chest":17,"minecraft:iron_sword":4,"minecraft:stone_hoe":180,"minecraft:dirt":45,"minecraft:hopper":1,"minecraft:carrot":74,"minecraft:oak_fence_gate":1,"minecraft:iron_axe":158,"minecraft:oak_stairs":5,"minecraft:acacia_slab":3,"minecraft:iron_helmet":2,"minecraft:barrel":6,"minecraft:tripwire_hook":2,"minecraft:beef":3,"minecraft:hay_block":4,"minecraft:furnace":1,"minecraft:potato":39,"minecraft:golden_axe":165,"minecraft:pointed_dripstone":3,"minecraft:water_bucket":14,"minecraft:stone_pickaxe":16,"minecraft:oak_planks":267,"minecraft:wooden_pickaxe":6,"minecraft:composter":3,"minecraft:jungle_boat":3,"minecraft:sand":1,"minecraft:crafting_table":4,"minecraft:white_bed":6,"minecraft:shears":1,"minecraft:lever":1,"minecraft:bread":51,"minecraft:string":4,"minecraft:iron_pickaxe":166,"minecraft:yellow_wool":1,"minecraft:stone_axe":18,"minecraft:cobblestone":25,"minecraft:porkchop":1,"minecraft:smithing_table":1,"minecraft:bucket":14,"minecraft:yellow_bed":6},"minecraft:dropped":{"minecraft:stone_hoe":12,"minecraft:wheat_seeds":42,"minecraft:dripstone_block":2,"minecraft:oak_fence":4,"minecraft:diorite":7,"minecraft:oak_stairs":1,"minecraft:gold_nugget":6,"minecraft:string":119,"minecraft:stone_axe":2,"minecraft:golden_chestplate":1,"minecraft:rotten_flesh":5,"minecraft:flint_and_steel":1,"minecraft:poppy":2,"minecraft:beetroot_seeds":9,"minecraft:acacia_slab":6,"minecraft:oak_sapling":2,"minecraft:chest":1,"minecraft:arrow":1,"minecraft:wooden_pickaxe":1,"minecraft:stone_pickaxe":13},"minecraft:killed_by":{"minecraft:iron_golem":2},"minecraft:crafted":{"minecraft:oak_planks":568,"minecraft:barrel":3,"minecraft:tripwire_hook":2,"minecraft:furnace":1,"minecraft:loom":2,"minecraft:lever":1,"minecraft:oak_trapdoor":4,"minecraft:hopper":1,"minecraft:iron_axe":1,"minecraft:stone_pickaxe":25,"minecraft:chest":14,"minecraft:stone_hoe":26,"minecraft:oak_fence":48,"minecraft:wheat":288,"minecraft:oak_slab":6,"minecraft:emerald":121,"minecraft:crafting_table":4,"minecraft:jungle_boat":1,"minecraft:acacia_slab":12,"minecraft:wooden_pickaxe":1,"minecraft:smithing_table":1,"minecraft:bucket":1,"minecraft:stone_axe":1,"minecraft:bread":96,"minecraft:air":0,"minecraft:jungle_planks":12,"minecraft:stick":56,"minecraft:iron_ingot":32,"minecraft:oak_stairs":8,"minecraft:iron_shovel":1,"minecraft:acacia_planks":24,"minecraft:shears":1},"minecraft:custom":{"minecraft:mob_kills":39,"minecraft:inspect_hopper":3,"minecraft:interact_with_crafting_table":32,"minecraft:bell_ring":10,"minecraft:leave_game":2,"minecraft:time_since_death":15257,"minecraft:climb_one_cm":2943,"minecraft:sprint_one_cm":746987,"minecraft:walk_one_cm":307800,"minecraft:drop":53,"minecraft:talked_to_villager":40,"minecraft:play_time":174202,"minecraft:deaths":2,"minecraft:sneak_time":4648,"minecraft:walk_under_water_one_cm":9177,"minecraft:boat_one_cm":231092,"minecraft:jump":2938,"minecraft:walk_on_water_one_cm":21847,"minecraft:total_world_time":174202,"minecraft:interact_with_furnace":7,"minecraft:traded_with_villager":169,"minecraft:sleep_in_bed":11,"minecraft:time_since_rest":15287,"minecraft:damage_taken":2123,"minecraft:damage_dealt":9671,"minecraft:swim_one_cm":131605,"minecraft:fly_one_cm":724590,"minecraft:player_kills":1,"minecraft:open_chest":72,"minecraft:crouch_one_cm":12975,"minecraft:fall_one_cm":79526},"minecraft:mined":{"minecraft:white_bed":6,"minecraft:farmland":3,"minecraft:brewing_stand":1,"minecraft:acacia_log":6,"minecraft:grass_block":48,"minecraft:jungle_log":3,"minecraft:acacia_slab":1,"minecraft:composter":3,"minecraft:mangrove_propagule":1,"minecraft:hay_block":46,"minecraft:carrots":18,"minecraft:barrel":3,"minecraft:iron_ore":44,"minecraft:fire":1,"minecraft:andesite":11,"minecraft:pointed_dripstone":1,"minecraft:potatoes":12,"minecraft:vine":1,"minecraft:dirt_path":10,"minecraft:oak_stairs":2,"minecraft:stone":81,"minecraft:tripwire":2,"minecraft:chest":4,"minecraft:tall_grass":4,"minecraft:cobblestone":6,"minecraft:oak_planks":16,"minecraft:diorite":7,"minecraft:wheat":58,"minecraft:yellow_bed":6,"minecraft:grass":18,"minecraft:coal_ore":25,"minecraft:oak_log":143,"minecraft:beetroots":13,"minecraft:oak_fence_gate":1,"minecraft:dripstone_block":2,"minecraft:sand":1,"minecraft:dirt":34,"minecraft:oak_leaves":20,"minecraft:fern":1},"minecraft:killed":{"minecraft:spider":3,"minecraft:slime":2,"minecraft:skeleton":4,"minecraft:pig":3,"minecraft:iron_golem":5,"minecraft:creeper":4,"minecraft:zombie":9,"minecraft:cow":7}},"DataVersion":3465}