{"stats":{"minecraft:picked_up":{"minecraft:cobblestone":2,"minecraft:birch_log":4},"minecraft:used":{"minecraft:wooden_pickaxe":3,"minecraft:crafting_table":1},"minecraft:crafted":{"minecraft:birch_planks":16,"minecraft:crafting_table":1,"minecraft:stick":4,"minecraft:wooden_pickaxe":1},"minecraft:custom":{"minecraft:jump":36,"minecraft:time_since_rest":5908,"minecraft:sprint_one_cm":11858,"minecraft:play_time":5908,"minecraft:damage_taken":20,"minecraft:time_since_death":5908,"minecraft:walk_one_cm":4590,"minecraft:total_world_time":5908,"minecraft:interact_with_crafting_table":2,"minecraft:fall_one_cm":1568,"minecraft:fly_one_cm":7355},"minecraft:mined":{"minecraft:birch_log":4,"minecraft:stone":3,"minecraft:birch_leaves":1}},"DataVersion":3465}