{"stats":{"minecraft:picked_up":{"minecraft:birch_log":4,"minecraft:crafting_table":1,"minecraft:raw_iron":14,"minecraft:composter":2,"minecraft:leather":4,"minecraft:potato":12,"minecraft:oak_log":10,"minecraft:white_bed":3,"minecraft:yellow_bed":1,"minecraft:carrot":14,"minecraft:spruce_log":4,"minecraft:dirt":2,"minecraft:rotten_flesh":3,"minecraft:beetroot_seeds":4,"minecraft:wheat_seeds":23,"minecraft:hay_block":56,"minecraft:beef":10,"minecraft:mutton":3,"minecraft:coal":39,"minecraft:white_wool":4,"minecraft:cobblestone":14},"minecraft:used":{"minecraft:birch_planks":5,"minecraft:bread":4,"minecraft:stone_pickaxe":64,"minecraft:oak_planks":3,"minecraft:wooden_pickaxe":3,"minecraft:white_wool":1,"minecraft:stone_axe":41,"minecraft:dirt":2,"minecraft:mutton":1,"minecraft:beef":5,"minecraft:crafting_table":2,"minecraft:furnace":1},"minecraft:crafted":{"minecraft:oak_planks":28,"minecraft:crafting_table":1,"minecraft:stick":8,"minecraft:wooden_pickaxe":1,"minecraft:stone_pickaxe":1,"minecraft:furnace":1,"minecraft:birch_planks":16,"minecraft:stone_axe":1},"minecraft:custom":{"minecraft:time_since_rest":29908,"minecraft:interact_with_furnace":1,"minecraft:sprint_one_cm":137437,"minecraft:damage_taken":40,"minecraft:walk_one_cm":42368,"minecraft:mob_kills":11,"minecraft:damage_dealt":1241,"minecraft:talked_to_villager":1,"minecraft:swim_one_cm":11819,"minecraft:interact_with_crafting_table":5,"minecraft:fly_one_cm":206163,"minecraft:open_chest":5,"minecraft:crouch_one_cm":178,"minecraft:play_time":29908,"minecraft:sneak_time":114,"minecraft:walk_under_water_one_cm":3899,"minecraft:jump":787,"minecraft:time_since_death":29908,"minecraft:walk_on_water_one_cm":3272,"minecraft:total_world_time":29908,"minecraft:fall_one_cm":22396},"minecraft:mined":{"minecraft:hay_block":56,"minecraft:white_bed":3,"minecraft:carrots":15,"minecraft:birch_log":4,"minecraft:iron_ore":14,"minecraft:wheat":23,"minecraft:spruce_log":4,"minecraft:birch_leaves":1,"minecraft:yellow_bed":1,"minecraft:crafting_table":1,"minecraft:grass":16,"minecraft:grass_block":1,"minecraft:potatoes":12,"minecraft:coal_ore":39,"minecraft:oak_log":10,"minecraft:beetroots":4,"minecraft:dirt":1,"minecraft:spruce_leaves":3,"minecraft:stone":14,"minecraft:composter":2,"minecraft:white_wool":1,"minecraft:oak_leaves":2},"minecraft:killed":{"minecraft:sheep":3,"minecraft:zombie":2,"minecraft:cow":6}},"DataVersion":3465}