{"stats":{"minecraft:picked_up":{"minecraft:iron_chestplate":8,"minecraft:wheat":5,"minecraft:yellow_wool":1,"minecraft:smithing_table":1,"minecraft:diamond_sword":1,"minecraft:oak_stairs":2,"minecraft:enchanted_book":4,"minecraft:brewing_stand":1,"minecraft:golden_sword":1,"minecraft:string":4692,"minecraft:raw_copper":26,"minecraft:iron_leggings":8,"minecraft:diamond_leggings":1,"minecraft:gold_nugget":16,"minecraft:bucket":1,"minecraft:iron_pickaxe":6,"minecraft:iron_boots":8,"minecraft:golden_helmet":1,"minecraft:stick":32,"minecraft:composter":3,"minecraft:oak_fence":65,"minecraft:torch":60,"minecraft:acacia_log":6,"minecraft:porkchop":7,"minecraft:cherry_log":1,"minecraft:pointed_dripstone":5,"minecraft:diorite":53,"minecraft:rotten_flesh":54,"minecraft:obsidian":16,"minecraft:cobblestone":1350,"minecraft:birch_log":128,"minecraft:enchanting_table":2,"minecraft:leather_chestplate":1,"minecraft:water_bucket":1,"minecraft:andesite":52,"minecraft:jungle_log":3,"minecraft:potato":107,"minecraft:flint":3,"minecraft:lapis_lazuli":56,"minecraft:map":2,"minecraft:dirt":879,"minecraft:bone":20,"minecraft:wheat_seeds":108,"minecraft:fletching_table":1,"minecraft:diamond_helmet":1,"minecraft:powered_rail":2801,"minecraft:oak_planks":176,"minecraft:cooked_porkchop":1,"minecraft:sand":1,"minecraft:barrel":11,"minecraft:diamond":38,"minecraft:lever":286,"minecraft:bone_meal":9,"minecraft:bread":138,"minecraft:emerald":327,"minecraft:oak_sapling":26,"minecraft:netherrack":76,"minecraft:oak_leaves":50,"minecraft:diamond_pickaxe":11,"minecraft:fishing_rod":2,"minecraft:crafting_table":2,"minecraft:bee_nest":4,"minecraft:gold_block":1,"minecraft:oak_trapdoor":1,"minecraft:iron_axe":3,"minecraft:flint_and_steel":2,"minecraft:white_carpet":2,"minecraft:iron_shovel":1,"minecraft:detector_rail":138,"minecraft:beef":14,"minecraft:oak_boat":8,"minecraft:poppy":6,"minecraft:lectern":14,"minecraft:minecart":30,"minecraft:chest":5,"minecraft:birch_sapling":4,"minecraft:piston":12,"minecraft:egg":2,"minecraft:raw_iron":82,"minecraft:carrot":508,"minecraft:diamond_chestplate":2,"minecraft:arrow":21,"minecraft:beetroot_seeds":11,"minecraft:pumpkin_pie":64,"minecraft:diamond_boots":1,"minecraft:hay_block":51,"minecraft:rail":2999,"minecraft:stripped_oak_log":2,"minecraft:birch_leaves":1,"minecraft:jungle_boat":2,"minecraft:basalt":3,"minecraft:golden_carrot":35,"minecraft:leather":8,"minecraft:birch_planks":7,"minecraft:oak_log":700,"minecraft:lily_pad":9,"minecraft:yellow_bed":7,"minecraft:gunpowder":12,"minecraft:wooden_hoe":1,"minecraft:apple":5,"minecraft:kelp":436,"minecraft:oak_fence_gate":1,"minecraft:iron_ingot":463,"minecraft:soul_sand":7,"minecraft:iron_sword":2,"minecraft:book":10,"minecraft:oak_slab":4,"minecraft:pumpkin":8,"minecraft:chiseled_stone_bricks":3,"minecraft:quartz":9,"minecraft:dripstone_block":8,"minecraft:gravel":1,"minecraft:blast_furnace":1,"minecraft:white_bed":7,"minecraft:spider_eye":3,"minecraft:leather_helmet":1,"minecraft:diamond_shovel":12,"minecraft:slime_ball":71,"minecraft:stone_axe":1,"minecraft:iron_helmet":10,"minecraft:diamond_axe":10,"minecraft:acacia_slab":1,"minecraft:coal":40},"minecraft:broken":{"minecraft:stone_hoe":1,"minecraft:golden_axe":1},"minecraft:used":{"minecraft:iron_shovel":72,"minecraft:poppy":2,"minecraft:chest":17,"minecraft:iron_sword":8,"minecraft:iron_chestplate":6,"minecraft:soul_sand":1,"minecraft:carrot":244,"minecraft:obsidian":20,"minecraft:iron_helmet":6,"minecraft:hay_block":4,"minecraft:furnace":2,"minecraft:egg":1,"minecraft:potato":56,"minecraft:diorite":18,"minecraft:birch_leaves":1,"minecraft:stone_pickaxe":16,"minecraft:powered_rail":992,"minecraft:oak_planks":323,"minecraft:wooden_pickaxe":6,"minecraft:composter":3,"minecraft:diamond_axe":533,"minecraft:jungle_boat":3,"minecraft:sand":1,"minecraft:blast_furnace":1,"minecraft:shears":1,"minecraft:sticky_piston":1,"minecraft:lever":77,"minecraft:bread":113,"minecraft:string":5,"minecraft:lectern":13,"minecraft:gravel":1,"minecraft:smithing_table":2,"minecraft:birch_log":32,"minecraft:oak_boat":8,"minecraft:oak_fence":44,"minecraft:oak_trapdoor":2,"minecraft:flint_and_steel":42,"minecraft:stone_hoe":208,"minecraft:oak_door":1,"minecraft:torch":4,"minecraft:dirt":350,"minecraft:anvil":1,"minecraft:white_carpet":2,"minecraft:hopper":1,"minecraft:oak_fence_gate":1,"minecraft:iron_axe":159,"minecraft:oak_stairs":5,"minecraft:slime_block":4,"minecraft:acacia_slab":3,"minecraft:iron_boots":5,"minecraft:barrel":12,"minecraft:tripwire_hook":2,"minecraft:beef":3,"minecraft:minecart":22,"minecraft:observer":3,"minecraft:golden_axe":165,"minecraft:iron_leggings":5,"minecraft:pointed_dripstone":3,"minecraft:water_bucket":103,"minecraft:birch_planks":26,"minecraft:fletching_table":2,"minecraft:rail":60,"minecraft:crafting_table":9,"minecraft:white_bed":8,"minecraft:oak_log":4,"minecraft:piston":4,"minecraft:diamond_pickaxe":949,"minecraft:diamond_shovel":803,"minecraft:iron_pickaxe":166,"minecraft:detector_rail":54,"minecraft:yellow_wool":1,"minecraft:stone_axe":18,"minecraft:chiseled_stone_bricks":3,"minecraft:cobblestone":168,"minecraft:porkchop":1,"minecraft:cooked_porkchop":1,"minecraft:bucket":104,"minecraft:pumpkin_pie":2,"minecraft:yellow_bed":7,"minecraft:kelp":118},"minecraft:dropped":{"minecraft:soul_sand":3,"minecraft:oak_log":64,"minecraft:diamond":3,"minecraft:crossbow":12,"minecraft:rail":131,"minecraft:leather_helmet":1,"minecraft:dirt":5,"minecraft:gold_nugget":14,"minecraft:iron_pickaxe":2,"minecraft:fishing_rod":2,"minecraft:birch_log":7,"minecraft:bone":2,"minecraft:stone_axe":2,"minecraft:lever":210,"minecraft:golden_chestplate":1,"minecraft:birch_sapling":1,"minecraft:wheat":1,"minecraft:rotten_flesh":11,"minecraft:oak_planks":6,"minecraft:diamond_shovel":1,"minecraft:poppy":2,"minecraft:beetroot_seeds":9,"minecraft:acacia_slab":6,"minecraft:chest":1,"minecraft:arrow":195,"minecraft:powered_rail":16,"minecraft:oak_leaves":26,"minecraft:lectern":1,"minecraft:egg":1,"minecraft:stone_hoe":12,"minecraft:water_bucket":1,"minecraft:bread":32,"minecraft:oak_slab":2,"minecraft:wheat_seeds":67,"minecraft:cherry_log":1,"minecraft:minecart":3,"minecraft:dripstone_block":2,"minecraft:oak_fence":4,"minecraft:book":4,"minecraft:coal":1,"minecraft:stick":19,"minecraft:diorite":11,"minecraft:torch":2,"minecraft:oak_stairs":1,"minecraft:pumpkin":4,"minecraft:string":445,"minecraft:lily_pad":9,"minecraft:white_carpet":3,"minecraft:flint_and_steel":1,"minecraft:diamond_pickaxe":4,"minecraft:oak_sapling":4,"minecraft:oak_boat":1,"minecraft:golden_sword":1,"minecraft:slime_ball":6,"minecraft:bow":12,"minecraft:stone_pickaxe":13,"minecraft:wooden_pickaxe":1},"minecraft:killed_by":{"minecraft:iron_golem":8,"minecraft:skeleton":1},"minecraft:crafted":{"minecraft:oak_planks":772,"minecraft:smooth_stone":3,"minecraft:barrel":6,"minecraft:slime_block":4,"minecraft:loom":2,"minecraft:stone":5,"minecraft:lever":26,"minecraft:diamond_shovel":1,"minecraft:hopper":1,"minecraft:diamond_helmet":1,"minecraft:bow":15,"minecraft:diamond_leggings":1,"minecraft:stone_pressure_plate":1,"minecraft:chest":14,"minecraft:stone_hoe":26,"minecraft:oak_fence":48,"minecraft:oak_slab":12,"minecraft:arrow":192,"minecraft:emerald":460,"minecraft:diamond_axe":1,"minecraft:crafting_table":7,"minecraft:acacia_slab":12,"minecraft:jungle_boat":1,"minecraft:wooden_pickaxe":1,"minecraft:chainmail_chestplate":9,"minecraft:smithing_table":1,"minecraft:sticky_piston":1,"minecraft:fletching_table":1,"minecraft:birch_planks":64,"minecraft:iron_chestplate":17,"minecraft:diamond_pickaxe":1,"minecraft:stick":100,"minecraft:iron_pickaxe":4,"minecraft:iron_ingot":44,"minecraft:iron_block":3,"minecraft:gold_ingot":9,"minecraft:shears":1,"minecraft:golden_carrot":15,"minecraft:oak_door":3,"minecraft:tripwire_hook":2,"minecraft:furnace":3,"minecraft:blast_furnace":1,"minecraft:piston":1,"minecraft:white_carpet":3,"minecraft:oak_trapdoor":4,"minecraft:flint_and_steel":1,"minecraft:detector_rail":6,"minecraft:iron_axe":1,"minecraft:stone_pickaxe":25,"minecraft:diamond_boots":1,"minecraft:minecart":15,"minecraft:observer":3,"minecraft:wheat":423,"minecraft:crossbow":12,"minecraft:bucket":3,"minecraft:stone_axe":1,"minecraft:bread":141,"minecraft:air":0,"minecraft:jungle_planks":12,"minecraft:oak_boat":2,"minecraft:white_wool":16,"minecraft:gold_nugget":126,"minecraft:oak_stairs":8,"minecraft:iron_shovel":1,"minecraft:anvil":1,"minecraft:white_bed":1,"minecraft:acacia_planks":24,"minecraft:diamond_chestplate":1},"minecraft:custom":{"minecraft:interact_with_crafting_table":63,"minecraft:open_barrel":3,"minecraft:bell_ring":10,"minecraft:leave_game":5,"minecraft:time_since_death":90050,"minecraft:sprint_one_cm":1921757,"minecraft:drop":167,"minecraft:talked_to_villager":179,"minecraft:play_time":542897,"minecraft:deaths":10,"minecraft:jump":8155,"minecraft:walk_on_water_one_cm":55012,"minecraft:interact_with_furnace":23,"minecraft:traded_with_villager":584,"minecraft:sleep_in_bed":19,"minecraft:damage_dealt":20871,"minecraft:player_kills":2,"minecraft:crouch_one_cm":29994,"minecraft:interact_with_smithing_table":1,"minecraft:inspect_dispenser":12,"minecraft:mob_kills":146,"minecraft:interact_with_anvil":1,"minecraft:inspect_hopper":8,"minecraft:climb_one_cm":9468,"minecraft:walk_one_cm":890720,"minecraft:sneak_time":11311,"minecraft:walk_under_water_one_cm":114746,"minecraft:boat_one_cm":712792,"minecraft:interact_with_blast_furnace":1,"minecraft:total_world_time":542897,"minecraft:time_since_rest":33493,"minecraft:damage_taken":6056,"minecraft:minecart_one_cm":533315,"minecraft:swim_one_cm":394120,"minecraft:fly_one_cm":2084722,"minecraft:open_chest":260,"minecraft:fall_one_cm":216143},"minecraft:mined":{"minecraft:white_bed":7,"minecraft:farmland":28,"minecraft:cherry_log":1,"minecraft:brewing_stand":1,"minecraft:obsidian":10,"minecraft:granite":3,"minecraft:acacia_log":6,"minecraft:grass_block":648,"minecraft:jungle_log":3,"minecraft:composter":3,"minecraft:chiseled_stone_bricks":6,"minecraft:tall_seagrass":18,"minecraft:iron_ore":84,"minecraft:fire":3,"minecraft:barrel":11,"minecraft:fletching_table":1,"minecraft:pointed_dripstone":1,"minecraft:dirt_path":23,"minecraft:oak_stairs":2,"minecraft:tripwire":2,"minecraft:piston_head":2,"minecraft:kelp_plant":64,"minecraft:torch":1,"minecraft:blast_furnace":1,"minecraft:chest":4,"minecraft:nether_quartz_ore":5,"minecraft:cobblestone":98,"minecraft:oak_planks":20,"minecraft:wall_torch":2,"minecraft:seagrass":31,"minecraft:powered_rail":34,"minecraft:birch_log":56,"minecraft:wheat":58,"minecraft:grass":74,"minecraft:oak_log":346,"minecraft:beetroots":13,"minecraft:oak_fence_gate":1,"minecraft:sand":1,"minecraft:dirt":175,"minecraft:oak_leaves":53,"minecraft:suspicious_gravel":1,"minecraft:diamond_ore":1,"minecraft:lever":7,"minecraft:acacia_slab":1,"minecraft:kelp":6,"minecraft:mangrove_propagule":1,"minecraft:hay_block":51,"minecraft:oak_trapdoor":1,"minecraft:carrots":150,"minecraft:andesite":22,"minecraft:detector_rail":6,"minecraft:gold_block":2,"minecraft:potatoes":32,"minecraft:vine":2,"minecraft:rail":29,"minecraft:stripped_oak_log":2,"minecraft:stone":748,"minecraft:smithing_table":1,"minecraft:crafting_table":2,"minecraft:lectern":13,"minecraft:copper_ore":4,"minecraft:tall_grass":9,"minecraft:lapis_ore":8,"minecraft:diorite":29,"minecraft:birch_planks":7,"minecraft:white_carpet":2,"minecraft:birch_leaves":2,"minecraft:bee_nest":4,"minecraft:yellow_bed":7,"minecraft:coal_ore":26,"minecraft:gravel":3,"minecraft:dripstone_block":2,"minecraft:fern":1},"minecraft:killed":{"minecraft:zombified_piglin":2,"minecraft:spider":8,"minecraft:skeleton":11,"minecraft:pig":3,"minecraft:iron_golem":7,"minecraft:creeper":7,"minecraft:sheep":1,"minecraft:zombie":26,"minecraft:cow":7,"minecraft:slime":68,"minecraft:drowned":2}},"DataVersion":3465}