{"stats":{"minecraft:picked_up":{"minecraft:leather_chestplate":1,"minecraft:wheat":3,"minecraft:jungle_boat":2,"minecraft:jungle_log":3,"minecraft:yellow_wool":1,"minecraft:leather":8,"minecraft:oak_stairs":2,"minecraft:potato":8,"minecraft:oak_log":142,"minecraft:brewing_stand":1,"minecraft:yellow_bed":6,"minecraft:gunpowder":2,"minecraft:map":2,"minecraft:dirt":86,"minecraft:string":541,"minecraft:apple":2,"minecraft:wheat_seeds":61,"minecraft:gold_nugget":6,"minecraft:oak_fence_gate":1,"minecraft:beef":14,"minecraft:iron_ingot":8,"minecraft:poppy":2,"minecraft:chest":5,"minecraft:oak_planks":16,"minecraft:stick":2,"minecraft:raw_iron":4,"minecraft:composter":3,"minecraft:oak_fence":4,"minecraft:acacia_log":6,"minecraft:porkchop":4,"minecraft:sand":1,"minecraft:white_bed":6,"minecraft:carrot":21,"minecraft:arrow":2,"minecraft:rotten_flesh":7,"minecraft:stone_axe":1,"minecraft:beetroot_seeds":11,"minecraft:hay_block":46,"minecraft:acacia_slab":1,"minecraft:oak_sapling":4,"minecraft:cobblestone":35},"minecraft:broken":{"minecraft:golden_axe":1,"minecraft:stone_hoe":1},"minecraft:used":{"minecraft:oak_trapdoor":2,"minecraft:oak_fence":44,"minecraft:water_bucket":11,"minecraft:iron_shovel":72,"minecraft:flint_and_steel":40,"minecraft:stone_pickaxe":16,"minecraft:poppy":2,"minecraft:oak_planks":267,"minecraft:chest":17,"minecraft:wooden_pickaxe":6,"minecraft:composter":3,"minecraft:stone_hoe":180,"minecraft:jungle_boat":3,"minecraft:dirt":19,"minecraft:sand":1,"minecraft:hopper":1,"minecraft:crafting_table":4,"minecraft:carrot":21,"minecraft:white_bed":6,"minecraft:shears":1,"minecraft:oak_fence_gate":1,"minecraft:lever":1,"minecraft:string":4,"minecraft:acacia_slab":3,"minecraft:iron_axe":104,"minecraft:oak_stairs":5,"minecraft:iron_pickaxe":24,"minecraft:bread":33,"minecraft:hay_block":4,"minecraft:tripwire_hook":2,"minecraft:yellow_wool":1,"minecraft:stone_axe":18,"minecraft:cobblestone":9,"minecraft:beef":3,"minecraft:furnace":1,"minecraft:porkchop":1,"minecraft:bucket":11,"minecraft:yellow_bed":6,"minecraft:potato":17,"minecraft:golden_axe":165},"minecraft:dropped":{"minecraft:stone_axe":2,"minecraft:wheat_seeds":42,"minecraft:golden_chestplate":1,"minecraft:oak_fence":4,"minecraft:flint_and_steel":1,"minecraft:oak_stairs":1,"minecraft:beetroot_seeds":9,"minecraft:acacia_slab":6,"minecraft:oak_sapling":2,"minecraft:chest":1,"minecraft:gold_nugget":6,"minecraft:arrow":1,"minecraft:stone_pickaxe":1,"minecraft:wooden_pickaxe":1,"minecraft:string":52},"minecraft:crafted":{"minecraft:oak_planks":524,"minecraft:tripwire_hook":2,"minecraft:crafting_table":4,"minecraft:jungle_boat":1,"minecraft:acacia_slab":12,"minecraft:wooden_pickaxe":1,"minecraft:furnace":1,"minecraft:lever":1,"minecraft:bucket":1,"minecraft:stone_axe":1,"minecraft:air":0,"minecraft:bread":96,"minecraft:oak_trapdoor":4,"minecraft:jungle_planks":12,"minecraft:hopper":1,"minecraft:iron_axe":1,"minecraft:stick":56,"minecraft:chest":14,"minecraft:iron_ingot":4,"minecraft:stone_pickaxe":1,"minecraft:oak_stairs":8,"minecraft:iron_shovel":1,"minecraft:acacia_planks":24,"minecraft:stone_hoe":2,"minecraft:oak_fence":48,"minecraft:shears":1,"minecraft:wheat":288},"minecraft:custom":{"minecraft:interact_with_furnace":3,"minecraft:mob_kills":23,"minecraft:interact_with_crafting_table":29,"minecraft:bell_ring":10,"minecraft:leave_game":2,"minecraft:time_since_death":124215,"minecraft:sleep_in_bed":9,"minecraft:climb_one_cm":89,"minecraft:time_since_rest":906,"minecraft:sprint_one_cm":497432,"minecraft:damage_taken":933,"minecraft:walk_one_cm":209303,"minecraft:drop":23,"minecraft:damage_dealt":5093,"minecraft:talked_to_villager":15,"minecraft:swim_one_cm":68618,"minecraft:fly_one_cm":577049,"minecraft:open_chest":40,"minecraft:crouch_one_cm":11202,"minecraft:play_time":124215,"minecraft:sneak_time":3418,"minecraft:walk_under_water_one_cm":4919,"minecraft:boat_one_cm":231092,"minecraft:jump":2136,"minecraft:walk_on_water_one_cm":9254,"minecraft:total_world_time":124215,"minecraft:fall_one_cm":61411},"minecraft:mined":{"minecraft:farmland":3,"minecraft:white_bed":6,"minecraft:brewing_stand":1,"minecraft:acacia_log":6,"minecraft:grass_block":45,"minecraft:chest":4,"minecraft:jungle_log":3,"minecraft:tall_grass":4,"minecraft:cobblestone":3,"minecraft:acacia_slab":1,"minecraft:composter":3,"minecraft:oak_planks":16,"minecraft:mangrove_propagule":1,"minecraft:hay_block":46,"minecraft:carrots":13,"minecraft:wheat":58,"minecraft:iron_ore":4,"minecraft:fire":1,"minecraft:yellow_bed":6,"minecraft:oak_fence_gate":1,"minecraft:oak_stairs":2,"minecraft:dirt":30,"minecraft:grass":17,"minecraft:potatoes":5,"minecraft:oak_log":143,"minecraft:dirt_path":9,"minecraft:vine":1,"minecraft:beetroots":13,"minecraft:sand":1,"minecraft:stone":32,"minecraft:oak_leaves":20,"minecraft:tripwire":2,"minecraft:fern":1},"minecraft:killed":{"minecraft:pig":3,"minecraft:spider":1,"minecraft:iron_golem":2,"minecraft:creeper":2,"minecraft:skeleton":1,"minecraft:zombie":6,"minecraft:cow":7}},"DataVersion":3465}