{"stats":{"minecraft:picked_up":{"minecraft:fishing_rod":2,"minecraft:iron_chestplate":8,"minecraft:bee_nest":1,"minecraft:wheat":5,"minecraft:yellow_wool":1,"minecraft:diamond_sword":1,"minecraft:oak_stairs":2,"minecraft:enchanted_book":3,"minecraft:brewing_stand":1,"minecraft:golden_sword":1,"minecraft:oak_trapdoor":1,"minecraft:string":3908,"minecraft:iron_axe":3,"minecraft:flint_and_steel":2,"minecraft:iron_leggings":8,"minecraft:iron_shovel":1,"minecraft:gold_nugget":16,"minecraft:bucket":1,"minecraft:beef":14,"minecraft:oak_boat":2,"minecraft:minecart":4,"minecraft:poppy":6,"minecraft:iron_pickaxe":6,"minecraft:lectern":13,"minecraft:chest":5,"minecraft:birch_sapling":4,"minecraft:iron_boots":8,"minecraft:egg":2,"minecraft:golden_helmet":1,"minecraft:raw_iron":44,"minecraft:stick":32,"minecraft:composter":3,"minecraft:oak_fence":65,"minecraft:torch":56,"minecraft:acacia_log":6,"minecraft:porkchop":7,"minecraft:pointed_dripstone":5,"minecraft:diorite":28,"minecraft:carrot":188,"minecraft:diamond_chestplate":1,"minecraft:rotten_flesh":46,"minecraft:arrow":19,"minecraft:beetroot_seeds":11,"minecraft:hay_block":51,"minecraft:rail":50,"minecraft:obsidian":16,"minecraft:cobblestone":502,"minecraft:birch_log":128,"minecraft:birch_leaves":1,"minecraft:leather_chestplate":1,"minecraft:jungle_boat":2,"minecraft:basalt":3,"minecraft:andesite":30,"minecraft:jungle_log":3,"minecraft:leather":8,"minecraft:potato":51,"minecraft:oak_log":606,"minecraft:yellow_bed":7,"minecraft:gunpowder":12,"minecraft:wooden_hoe":1,"minecraft:map":2,"minecraft:dirt":272,"minecraft:bone":16,"minecraft:apple":5,"minecraft:wheat_seeds":72,"minecraft:oak_fence_gate":1,"minecraft:iron_ingot":358,"minecraft:powered_rail":1,"minecraft:soul_sand":4,"minecraft:iron_sword":2,"minecraft:oak_planks":174,"minecraft:book":7,"minecraft:oak_slab":4,"minecraft:pumpkin":8,"minecraft:chiseled_stone_bricks":1,"minecraft:dripstone_block":8,"minecraft:sand":1,"minecraft:white_bed":7,"minecraft:spider_eye":3,"minecraft:barrel":3,"minecraft:diamond_shovel":10,"minecraft:slime_ball":71,"minecraft:diamond":25,"minecraft:stone_axe":1,"minecraft:iron_helmet":10,"minecraft:diamond_axe":9,"minecraft:bread":118,"minecraft:emerald":130,"minecraft:oak_sapling":26,"minecraft:acacia_slab":1,"minecraft:netherrack":76,"minecraft:oak_leaves":50,"minecraft:coal":25,"minecraft:diamond_pickaxe":9},"minecraft:broken":{"minecraft:stone_hoe":1,"minecraft:golden_axe":1},"minecraft:used":{"minecraft:oak_fence":44,"minecraft:oak_trapdoor":2,"minecraft:iron_shovel":72,"minecraft:flint_and_steel":41,"minecraft:poppy":2,"minecraft:chest":17,"minecraft:iron_sword":8,"minecraft:stone_hoe":180,"minecraft:iron_chestplate":5,"minecraft:dirt":205,"minecraft:anvil":1,"minecraft:hopper":1,"minecraft:carrot":109,"minecraft:oak_fence_gate":1,"minecraft:obsidian":10,"minecraft:iron_axe":159,"minecraft:oak_stairs":5,"minecraft:acacia_slab":3,"minecraft:iron_helmet":6,"minecraft:iron_boots":5,"minecraft:barrel":6,"minecraft:tripwire_hook":2,"minecraft:beef":3,"minecraft:hay_block":4,"minecraft:furnace":1,"minecraft:egg":1,"minecraft:potato":55,"minecraft:iron_leggings":5,"minecraft:golden_axe":165,"minecraft:pointed_dripstone":3,"minecraft:water_bucket":15,"minecraft:powered_rail":1,"minecraft:birch_leaves":1,"minecraft:stone_pickaxe":16,"minecraft:oak_planks":313,"minecraft:wooden_pickaxe":6,"minecraft:composter":3,"minecraft:diamond_axe":436,"minecraft:jungle_boat":3,"minecraft:sand":1,"minecraft:rail":29,"minecraft:crafting_table":5,"minecraft:white_bed":7,"minecraft:shears":1,"minecraft:oak_log":2,"minecraft:lever":1,"minecraft:diamond_pickaxe":39,"minecraft:diamond_shovel":111,"minecraft:bread":84,"minecraft:string":5,"minecraft:iron_pickaxe":166,"minecraft:lectern":13,"minecraft:yellow_wool":1,"minecraft:stone_axe":18,"minecraft:chiseled_stone_bricks":1,"minecraft:cobblestone":47,"minecraft:porkchop":1,"minecraft:smithing_table":1,"minecraft:birch_log":17,"minecraft:bucket":16,"minecraft:yellow_bed":7,"minecraft:oak_boat":2},"minecraft:dropped":{"minecraft:stone_hoe":12,"minecraft:bread":32,"minecraft:oak_slab":2,"minecraft:wheat_seeds":46,"minecraft:diamond":3,"minecraft:dripstone_block":2,"minecraft:oak_fence":4,"minecraft:diorite":7,"minecraft:pumpkin":4,"minecraft:oak_stairs":1,"minecraft:gold_nugget":8,"minecraft:iron_pickaxe":2,"minecraft:string":377,"minecraft:fishing_rod":2,"minecraft:stone_axe":2,"minecraft:golden_chestplate":1,"minecraft:birch_sapling":1,"minecraft:wheat":1,"minecraft:rotten_flesh":5,"minecraft:diamond_shovel":1,"minecraft:flint_and_steel":1,"minecraft:poppy":2,"minecraft:diamond_pickaxe":2,"minecraft:beetroot_seeds":9,"minecraft:acacia_slab":6,"minecraft:oak_sapling":2,"minecraft:chest":1,"minecraft:golden_sword":1,"minecraft:slime_ball":1,"minecraft:arrow":1,"minecraft:wooden_pickaxe":1,"minecraft:stone_pickaxe":13,"minecraft:oak_leaves":2},"minecraft:killed_by":{"minecraft:iron_golem":8,"minecraft:skeleton":1},"minecraft:crafted":{"minecraft:oak_planks":580,"minecraft:barrel":3,"minecraft:tripwire_hook":2,"minecraft:furnace":1,"minecraft:loom":2,"minecraft:lever":1,"minecraft:diamond_shovel":1,"minecraft:oak_trapdoor":4,"minecraft:hopper":1,"minecraft:iron_axe":1,"minecraft:stone_pickaxe":25,"minecraft:chest":14,"minecraft:stone_hoe":26,"minecraft:oak_fence":48,"minecraft:minecart":9,"minecraft:wheat":423,"minecraft:oak_slab":6,"minecraft:emerald":260,"minecraft:diamond_axe":1,"minecraft:crafting_table":5,"minecraft:jungle_boat":1,"minecraft:acacia_slab":12,"minecraft:wooden_pickaxe":1,"minecraft:smithing_table":1,"minecraft:bucket":2,"minecraft:stone_axe":1,"minecraft:bread":141,"minecraft:air":0,"minecraft:jungle_planks":12,"minecraft:oak_boat":1,"minecraft:diamond_pickaxe":1,"minecraft:stick":56,"minecraft:iron_pickaxe":4,"minecraft:iron_ingot":44,"minecraft:iron_block":3,"minecraft:oak_stairs":8,"minecraft:iron_shovel":1,"minecraft:anvil":1,"minecraft:acacia_planks":24,"minecraft:shears":1},"minecraft:custom":{"minecraft:interact_with_anvil":1,"minecraft:mob_kills":125,"minecraft:inspect_hopper":6,"minecraft:interact_with_crafting_table":38,"minecraft:bell_ring":10,"minecraft:leave_game":2,"minecraft:time_since_death":32916,"minecraft:climb_one_cm":7827,"minecraft:sprint_one_cm":1302828,"minecraft:walk_one_cm":513807,"minecraft:drop":80,"minecraft:talked_to_villager":126,"minecraft:play_time":300202,"minecraft:deaths":9,"minecraft:sneak_time":6639,"minecraft:walk_under_water_one_cm":13433,"minecraft:boat_one_cm":233818,"minecraft:jump":5197,"minecraft:walk_on_water_one_cm":37357,"minecraft:total_world_time":300202,"minecraft:interact_with_furnace":10,"minecraft:traded_with_villager":315,"minecraft:sleep_in_bed":15,"minecraft:time_since_rest":32939,"minecraft:damage_taken":4765,"minecraft:damage_dealt":16389,"minecraft:swim_one_cm":200097,"minecraft:fly_one_cm":1331152,"minecraft:player_kills":2,"minecraft:open_chest":113,"minecraft:crouch_one_cm":16628,"minecraft:fall_one_cm":149026,"minecraft:inspect_dispenser":4},"minecraft:mined":{"minecraft:white_bed":7,"minecraft:farmland":28,"minecraft:brewing_stand":1,"minecraft:obsidian":10,"minecraft:acacia_log":6,"minecraft:grass_block":71,"minecraft:jungle_log":3,"minecraft:acacia_slab":1,"minecraft:composter":3,"minecraft:mangrove_propagule":1,"minecraft:chiseled_stone_bricks":4,"minecraft:hay_block":51,"minecraft:oak_trapdoor":1,"minecraft:carrots":52,"minecraft:barrel":3,"minecraft:iron_ore":44,"minecraft:fire":3,"minecraft:andesite":11,"minecraft:pointed_dripstone":1,"minecraft:potatoes":17,"minecraft:vine":2,"minecraft:dirt_path":22,"minecraft:rail":18,"minecraft:oak_stairs":2,"minecraft:stone":81,"minecraft:tripwire":2,"minecraft:chest":4,"minecraft:lectern":12,"minecraft:tall_grass":4,"minecraft:cobblestone":13,"minecraft:oak_planks":18,"minecraft:wall_torch":2,"minecraft:diorite":7,"minecraft:birch_log":56,"minecraft:wheat":58,"minecraft:birch_leaves":2,"minecraft:bee_nest":1,"minecraft:yellow_bed":7,"minecraft:grass":27,"minecraft:coal_ore":25,"minecraft:oak_log":344,"minecraft:beetroots":13,"minecraft:oak_fence_gate":1,"minecraft:dripstone_block":2,"minecraft:sand":1,"minecraft:dirt":68,"minecraft:oak_leaves":52,"minecraft:fern":1},"minecraft:killed":{"minecraft:zombified_piglin":2,"minecraft:spider":7,"minecraft:slime":68,"minecraft:skeleton":6,"minecraft:drowned":2,"minecraft:pig":3,"minecraft:iron_golem":6,"minecraft:creeper":5,"minecraft:zombie":16,"minecraft:cow":7}},"DataVersion":3465}