{"stats":{"minecraft:picked_up":{"minecraft:raw_iron":4,"minecraft:jungle_boat":2,"minecraft:jungle_log":3,"minecraft:leather":8,"minecraft:acacia_log":6,"minecraft:porkchop":4,"minecraft:brewing_stand":1,"minecraft:map":2,"minecraft:wheat_seeds":6,"minecraft:hay_block":32,"minecraft:beef":14,"minecraft:cobblestone":16},"minecraft:used":{"minecraft:bread":6,"minecraft:stone_pickaxe":16,"minecraft:wooden_pickaxe":6,"minecraft:jungle_boat":3,"minecraft:stone_axe":18,"minecraft:cobblestone":2,"minecraft:beef":1,"minecraft:crafting_table":3,"minecraft:porkchop":1,"minecraft:golden_axe":3},"minecraft:dropped":{"minecraft:golden_chestplate":1,"minecraft:acacia_slab":6},"minecraft:crafted":{"minecraft:crafting_table":3,"minecraft:jungle_boat":1,"minecraft:stick":8,"minecraft:acacia_slab":6,"minecraft:wooden_pickaxe":1,"minecraft:stone_pickaxe":1,"minecraft:acacia_planks":24,"minecraft:stone_axe":1,"minecraft:bread":96,"minecraft:wheat":288,"minecraft:jungle_planks":12},"minecraft:custom":{"minecraft:time_since_rest":17930,"minecraft:sprint_one_cm":82224,"minecraft:damage_taken":210,"minecraft:walk_one_cm":19318,"minecraft:mob_kills":10,"minecraft:drop":2,"minecraft:damage_dealt":1000,"minecraft:interact_with_crafting_table":6,"minecraft:swim_one_cm":14918,"minecraft:fly_one_cm":115676,"minecraft:open_chest":2,"minecraft:crouch_one_cm":145,"minecraft:play_time":17930,"minecraft:sneak_time":64,"minecraft:walk_under_water_one_cm":1115,"minecraft:boat_one_cm":116861,"minecraft:jump":445,"minecraft:walk_on_water_one_cm":3164,"minecraft:time_since_death":17930,"minecraft:climb_one_cm":89,"minecraft:total_world_time":17930,"minecraft:fall_one_cm":15034},"minecraft:mined":{"minecraft:hay_block":32,"minecraft:iron_ore":4,"minecraft:wheat":9,"minecraft:brewing_stand":1,"minecraft:grass":10,"minecraft:acacia_log":6,"minecraft:vine":1,"minecraft:jungle_log":3,"minecraft:tall_grass":4,"minecraft:stone":16,"minecraft:oak_leaves":1,"minecraft:mangrove_propagule":1,"minecraft:fern":1},"minecraft:killed":{"minecraft:pig":3,"minecraft:cow":7}},"DataVersion":3465}