{"stats":{"minecraft:picked_up":{"minecraft:crafting_table":1,"minecraft:apple":1,"minecraft:oak_log":5,"minecraft:mangrove_roots":1,"minecraft:acacia_slab":6,"minecraft:cobblestone":6},"minecraft:used":{"minecraft:stone_axe":1,"minecraft:wooden_pickaxe":6},"minecraft:dropped":{"minecraft:mangrove_roots":1},"minecraft:crafted":{"minecraft:oak_planks":20,"minecraft:stone_axe":1,"minecraft:stick":8,"minecraft:wooden_pickaxe":1,"minecraft:stone_pickaxe":1},"minecraft:custom":{"minecraft:time_since_rest":5350,"minecraft:crouch_one_cm":207,"minecraft:play_time":5350,"minecraft:sprint_one_cm":19303,"minecraft:damage_taken":10,"minecraft:walk_one_cm":3472,"minecraft:sneak_time":100,"minecraft:walk_under_water_one_cm":263,"minecraft:boat_one_cm":44682,"minecraft:drop":1,"minecraft:jump":83,"minecraft:time_since_death":5350,"minecraft:walk_on_water_one_cm":1569,"minecraft:total_world_time":5350,"minecraft:climb_one_cm":220,"minecraft:swim_one_cm":6195,"minecraft:interact_with_crafting_table":2,"minecraft:fall_one_cm":2181,"minecraft:fly_one_cm":17945},"minecraft:mined":{"minecraft:grass":2,"minecraft:oak_log":5,"minecraft:tall_grass":3,"minecraft:stone":6,"minecraft:mangrove_roots":1,"minecraft:crafting_table":1}},"DataVersion":3465}