{"stats":{"minecraft:picked_up":{"minecraft:crafting_table":2,"minecraft:stick":2,"minecraft:raw_iron":6,"minecraft:jungle_boat":3,"minecraft:leather":7,"minecraft:smoker":1,"minecraft:porkchop":19,"minecraft:oak_log":5,"minecraft:paper":4,"minecraft:golden_chestplate":1,"minecraft:dirt":1,"minecraft:compass":1,"minecraft:apple":3,"minecraft:wheat_seeds":1,"minecraft:iron_ingot":4,"minecraft:hay_block":8,"minecraft:grindstone":1,"minecraft:beef":8,"minecraft:mangrove_roots":1,"minecraft:oak_sapling":2,"minecraft:acacia_slab":6,"minecraft:chest":2,"minecraft:mutton":2,"minecraft:cobblestone":9},"minecraft:used":{"minecraft:apple":3,"minecraft:bread":3,"minecraft:stone_pickaxe":9,"minecraft:acacia_slab":6,"minecraft:wooden_pickaxe":8,"minecraft:jungle_boat":3,"minecraft:stone_axe":28,"minecraft:cobblestone":3,"minecraft:crafting_table":1},"minecraft:dropped":{"minecraft:mangrove_roots":1},"minecraft:crafted":{"minecraft:oak_planks":20,"minecraft:stick":8,"minecraft:wooden_pickaxe":1,"minecraft:stone_pickaxe":1,"minecraft:stone_axe":1,"minecraft:bread":24,"minecraft:wheat":72},"minecraft:custom":{"minecraft:time_since_rest":17350,"minecraft:sprint_one_cm":80516,"minecraft:damage_taken":100,"minecraft:walk_one_cm":22843,"minecraft:mob_kills":12,"minecraft:drop":1,"minecraft:damage_dealt":2099,"minecraft:interact_with_crafting_table":4,"minecraft:swim_one_cm":13288,"minecraft:fly_one_cm":91597,"minecraft:open_chest":2,"minecraft:crouch_one_cm":402,"minecraft:play_time":17350,"minecraft:sneak_time":434,"minecraft:walk_under_water_one_cm":674,"minecraft:boat_one_cm":99492,"minecraft:jump":424,"minecraft:walk_on_water_one_cm":2811,"minecraft:time_since_death":17350,"minecraft:climb_one_cm":220,"minecraft:total_world_time":17350,"minecraft:fall_one_cm":9813},"minecraft:mined":{"minecraft:hay_block":8,"minecraft:acacia_leaves":1,"minecraft:iron_ore":6,"minecraft:smoker":1,"minecraft:mangrove_roots":1,"minecraft:crafting_table":2,"minecraft:grass":6,"minecraft:grass_block":1,"minecraft:oak_log":5,"minecraft:chest":2,"minecraft:dirt":1,"minecraft:tall_grass":3,"minecraft:stone":9,"minecraft:grindstone":1},"minecraft:killed":{"minecraft:pig":5,"minecraft:iron_golem":1,"minecraft:cow":6}},"DataVersion":3465}