{"stats":{"minecraft:picked_up":{"minecraft:birch_log":4,"minecraft:crafting_table":1,"minecraft:porkchop":8,"minecraft:oak_log":1,"minecraft:sunflower":2},"minecraft:used":{"minecraft:wooden_axe":1,"minecraft:wooden_sword":11,"minecraft:crafting_table":1},"minecraft:crafted":{"minecraft:wooden_sword":2,"minecraft:oak_planks":4,"minecraft:birch_planks":16,"minecraft:crafting_table":1,"minecraft:stick":8,"minecraft:wooden_pickaxe":1,"minecraft:wooden_axe":1},"minecraft:custom":{"minecraft:time_since_rest":4661,"minecraft:play_time":4661,"minecraft:sprint_one_cm":29258,"minecraft:damage_taken":30,"minecraft:walk_one_cm":7953,"minecraft:mob_kills":3,"minecraft:jump":88,"minecraft:damage_dealt":300,"minecraft:time_since_death":4661,"minecraft:walk_on_water_one_cm":842,"minecraft:total_world_time":4661,"minecraft:fall_one_cm":1583,"minecraft:interact_with_crafting_table":7,"minecraft:fly_one_cm":19294},"minecraft:mined":{"minecraft:grass":4,"minecraft:oak_log":1,"minecraft:sunflower":3,"minecraft:birch_log":4,"minecraft:crafting_table":1},"minecraft:killed":{"minecraft:pig":3}},"DataVersion":3465}