{"stats":{"minecraft:picked_up":{"minecraft:crafting_table":2,"minecraft:jungle_boat":4,"minecraft:leather":7,"minecraft:cut_sandstone":4,"minecraft:smoker":1,"minecraft:oak_log":5,"minecraft:dirt":1,"minecraft:paper":4,"minecraft:compass":1,"minecraft:bone":1,"minecraft:apple":3,"minecraft:wheat_seeds":2,"minecraft:rabbit_hide":1,"minecraft:beef":8,"minecraft:grindstone":1,"minecraft:iron_ingot":4,"minecraft:rabbit":1,"minecraft:sugar_cane":3,"minecraft:chest":2,"minecraft:stick":15,"minecraft:raw_iron":6,"minecraft:porkchop":19,"minecraft:sand":1,"minecraft:golden_chestplate":1,"minecraft:arrow":2,"minecraft:hay_block":15,"minecraft:mangrove_roots":1,"minecraft:bread":1,"minecraft:oak_sapling":2,"minecraft:acacia_slab":6,"minecraft:mutton":2,"minecraft:cobblestone":9},"minecraft:used":{"minecraft:stone_pickaxe":14,"minecraft:wooden_pickaxe":8,"minecraft:jungle_boat":3,"minecraft:crafting_table":1,"minecraft:golden_chestplate":1,"minecraft:apple":3,"minecraft:bread":23,"minecraft:acacia_slab":6,"minecraft:stone_axe":28,"minecraft:cobblestone":3},"minecraft:dropped":{"minecraft:bread":2,"minecraft:mangrove_roots":1,"minecraft:leather_chestplate":1},"minecraft:crafted":{"minecraft:oak_planks":20,"minecraft:wooden_pickaxe":1,"minecraft:stone_axe":1,"minecraft:bread":24,"minecraft:stick":8,"minecraft:stone_pickaxe":1,"minecraft:wheat":72},"minecraft:custom":{"minecraft:mob_kills":12,"minecraft:interact_with_crafting_table":4,"minecraft:leave_game":1,"minecraft:time_since_death":54124,"minecraft:sleep_in_bed":2,"minecraft:climb_one_cm":220,"minecraft:time_since_rest":13331,"minecraft:sprint_one_cm":307218,"minecraft:damage_taken":672,"minecraft:walk_one_cm":40869,"minecraft:drop":4,"minecraft:damage_dealt":2099,"minecraft:swim_one_cm":106440,"minecraft:fly_one_cm":523601,"minecraft:open_chest":4,"minecraft:crouch_one_cm":406,"minecraft:play_time":54124,"minecraft:sneak_time":751,"minecraft:walk_under_water_one_cm":3225,"minecraft:boat_one_cm":214835,"minecraft:jump":1957,"minecraft:walk_on_water_one_cm":10807,"minecraft:total_world_time":54124,"minecraft:fall_one_cm":52252},"minecraft:mined":{"minecraft:cut_sandstone":5,"minecraft:acacia_leaves":1,"minecraft:smoker":1,"minecraft:mangrove_roots":1,"minecraft:crafting_table":2,"minecraft:grass_block":1,"minecraft:chest":2,"minecraft:dead_bush":31,"minecraft:tall_grass":4,"minecraft:grindstone":1,"minecraft:sugar_cane":1,"minecraft:hay_block":15,"minecraft:iron_ore":6,"minecraft:grass":13,"minecraft:oak_log":5,"minecraft:dirt":1,"minecraft:sand":2,"minecraft:stone":9},"minecraft:killed":{"minecraft:pig":5,"minecraft:iron_golem":1,"minecraft:cow":6}},"DataVersion":3465}