{"stats":{"minecraft:picked_up":{"minecraft:birch_log":4,"minecraft:crafting_table":3,"minecraft:porkchop":11,"minecraft:oak_log":38,"minecraft:rotten_flesh":3,"minecraft:wheat_seeds":1,"minecraft:sugar_cane":11,"minecraft:mutton":15,"minecraft:coal":8,"minecraft:white_wool":10,"minecraft:furnace":1,"minecraft:cobblestone":24,"minecraft:sunflower":2},"minecraft:used":{"minecraft:wooden_axe":2,"minecraft:stone_pickaxe":26,"minecraft:wooden_pickaxe":4,"minecraft:stone_axe":40,"minecraft:wooden_sword":47,"minecraft:cobblestone":2,"minecraft:crafting_table":3,"minecraft:furnace":1,"minecraft:cooked_porkchop":4},"minecraft:dropped":{"minecraft:rotten_flesh":3},"minecraft:crafted":{"minecraft:wooden_sword":2,"minecraft:oak_planks":4,"minecraft:cooked_porkchop":8,"minecraft:crafting_table":1,"minecraft:stick":12,"minecraft:wooden_pickaxe":1,"minecraft:stone_pickaxe":1,"minecraft:wooden_axe":1,"minecraft:furnace":1,"minecraft:birch_planks":16,"minecraft:stone_axe":1,"minecraft:air":0},"minecraft:custom":{"minecraft:time_since_rest":16661,"minecraft:interact_with_furnace":6,"minecraft:sprint_one_cm":68962,"minecraft:damage_taken":120,"minecraft:walk_one_cm":24586,"minecraft:mob_kills":16,"minecraft:drop":3,"minecraft:damage_dealt":1559,"minecraft:swim_one_cm":6946,"minecraft:interact_with_crafting_table":12,"minecraft:fly_one_cm":67883,"minecraft:crouch_one_cm":722,"minecraft:play_time":16661,"minecraft:sneak_time":549,"minecraft:walk_under_water_one_cm":214,"minecraft:jump":381,"minecraft:walk_on_water_one_cm":1481,"minecraft:time_since_death":16661,"minecraft:total_world_time":16661,"minecraft:fall_one_cm":5579},"minecraft:mined":{"minecraft:furnace":1,"minecraft:birch_log":4,"minecraft:crafting_table":3,"minecraft:grass":10,"minecraft:oak_log":39,"minecraft:coal_ore":5,"minecraft:sunflower":3,"minecraft:stone":24,"minecraft:sugar_cane":4},"minecraft:killed":{"minecraft:sheep":10,"minecraft:pig":4,"minecraft:zombie":2}},"DataVersion":3465}